school,thk,prethk,cc,gprethk,d,d2,d3,d4,d5
193,1,5,0,2.153846263885498,1,2,2,3,0
193,2,3,0,2.153846263885498,1,4,0,1,3
193,3,4,0,2.153846263885498,2,1,3,3,3
193,1,0,0,2.153846263885498,3,2,2,2,2
193,2,1,0,2.153846263885498,0,3,3,2,2
193,2,3,0,2.153846263885498,2,1,1,2,0
193,3,1,0,2.153846263885498,2,2,4,2,0
193,3,2,0,2.153846263885498,2,1,2,3,4
193,2,3,0,2.153846263885498,1,1,3,2,1
193,2,2,0,2.153846263885498,2,2,3,4,0
193,4,2,0,2.153846263885498,2,3,3,3,2
193,2,2,0,2.153846263885498,4,3,0,1,1
193,2,3,0,2.153846263885498,0,2,2,2,2
193,3,3,0,2.153846263885498,2,2,1,2,4
193,4,2,0,2.153846263885498,1,2,2,2,3
193,4,3,0,2.153846263885498,0,2,2,2,4
193,1,3,0,2.153846263885498,2,4,2,2,1
193,3,3,0,2.153846263885498,1,1,3,2,1
193,4,2,0,2.153846263885498,2,1,2,2,2
193,2,1,0,2.153846263885498,4,1,1,1,0
193,1,3,0,2.153846263885498,3,2,3,4,2
193,3,0,0,2.153846263885498,3,2,2,0,1
193,1,1,0,2.153846263885498,2,1,1,1,1
193,3,0,0,2.153846263885498,1,2,4,1,3
193,2,1,0,2.153846263885498,2,1,2,4,3
193,4,3,0,2.153846263885498,2,3,2,1,2
194,1,2,0,2.142857074737549,2,2,3,2,4
194,3,0,0,2.142857074737549,2,3,0,2,2
194,2,4,0,2.142857074737549,3,3,2,1,0
194,1,2,0,2.142857074737549,2,2,0,2,2
194,2,0,0,2.142857074737549,1,1,1,1,1
194,1,2,0,2.142857074737549,2,1,2,1,3
194,3,4,0,2.142857074737549,2,1,1,3,2
194,2,2,0,2.142857074737549,1,1,2,1,0
194,3,3,0,2.142857074737549,2,3,4,3,3
194,1,0,0,2.142857074737549,0,2,2,2,1
194,1,2,0,2.142857074737549,1,4,1,4,2
194,1,1,0,2.142857074737549,2,1,0,0,0
194,2,2,0,2.142857074737549,1,2,1,3,4
194,4,3,0,2.142857074737549,4,2,1,3,3
194,4,5,0,2.142857074737549,2,2,2,0,1
194,3,2,0,2.142857074737549,3,2,4,4,3
194,2,2,0,2.142857074737549,1,2,4,2,3
194,2,2,0,2.142857074737549,0,2,4,2,3
194,4,3,0,2.142857074737549,2,1,2,1,2
194,4,3,0,2.142857074737549,3,0,4,3,2
194,1,1,0,2.142857074737549,0,2,2,2,1
194,3,2,0,2.142857074737549,0,1,2,3,2
194,3,1,0,2.142857074737549,2,1,3,2,1
194,2,2,0,2.142857074737549,0,3,0,2,0
194,2,4,0,2.142857074737549,3,3,0,2,4
194,4,4,0,2.142857074737549,2,2,2,1,2
194,2,1,0,2.142857074737549,4,2,3,1,1
194,4,3,0,2.142857074737549,4,2,2,3,4
194,4,2,0,2.142857074737549,3,0,1,0,4
194,1,2,0,2.142857074737549,1,0,2,2,1
194,3,2,0,2.142857074737549,3,2,4,0,0
194,1,2,0,2.142857074737549,2,2,1,3,3
194,2,1,0,2.142857074737549,3,2,3,2,2
194,3,4,0,2.142857074737549,3,3,4,3,3
194,2,4,0,2.142857074737549,2,0,2,2,3
194,4,0,0,2.142857074737549,2,2,2,4,2
194,4,4,0,2.142857074737549,2,1,2,2,3
194,2,2,0,2.142857074737549,2,2,2,2,1
194,4,2,0,2.142857074737549,3,2,1,4,2
194,4,3,0,2.142857074737549,3,2,3,3,4
194,4,5,0,2.142857074737549,4,1,2,0,0
194,4,1,0,2.142857074737549,2,2,3,4,4
194,1,1,0,2.142857074737549,0,1,2,1,1
194,2,3,0,2.142857074737549,3,2,1,2,4
194,2,3,0,2.142857074737549,1,2,1,4,1
194,3,2,0,2.142857074737549,0,2,2,3,2
194,3,2,0,2.142857074737549,1,2,0,0,2
194,4,2,0,2.142857074737549,1,3,2,1,2
194,4,3,0,2.142857074737549,0,2,2,2,2
194,2,1,0,2.142857074737549,0,4,2,2,3
194,4,4,0,2.142857074737549,2,3,2,2,3
194,1,0,0,2.142857074737549,3,3,1,2,3
194,4,0,0,2.142857074737549,1,1,4,1,3
194,2,2,0,2.142857074737549,1,2,0,2,3
194,2,2,0,2.142857074737549,2,4,3,2,3
194,2,2,0,2.142857074737549,2,4,1,4,1
194,2,4,0,2.142857074737549,1,2,2,4,3
194,1,0,0,2.142857074737549,2,2,3,3,0
194,1,3,0,2.142857074737549,2,4,4,3,3
194,1,1,0,2.142857074737549,3,1,1,2,2
194,2,1,0,2.142857074737549,2,2,2,3,1
194,1,5,0,2.142857074737549,1,2,2,1,2
194,3,1,0,2.142857074737549,0,2,3,4,1
194,1,2,0,2.142857074737549,1,0,2,2,2
194,3,2,0,2.142857074737549,2,0,1,2,1
194,3,2,0,2.142857074737549,3,2,1,1,0
194,1,3,0,2.142857074737549,3,3,2,2,3
194,1,0,0,2.142857074737549,4,2,3,1,2
194,4,2,0,2.142857074737549,1,1,3,2,2
194,1,1,0,2.142857074737549,1,1,1,2,4
196,3,0,1,2.4838709831237793,4,4,2,3,3
196,4,2,1,2.4838709831237793,0,2,3,2,4
196,2,0,1,2.4838709831237793,1,0,2,1,4
196,2,1,1,2.4838709831237793,4,1,4,2,2
196,4,1,1,2.4838709831237793,3,2,2,4,4
196,3,1,1,2.4838709831237793,2,1,0,2,3
196,4,3,1,2.4838709831237793,1,1,4,4,2
196,3,3,1,2.4838709831237793,2,2,1,2,4
196,3,3,1,2.4838709831237793,0,3,2,2,0
196,4,3,1,2.4838709831237793,2,3,2,2,2
196,4,4,1,2.4838709831237793,2,2,2,0,2
196,3,2,1,2.4838709831237793,3,3,2,3,2
196,3,2,1,2.4838709831237793,4,2,4,2,3
196,4,3,1,2.4838709831237793,3,2,2,2,1
196,3,0,1,2.4838709831237793,1,2,1,4,3
196,4,2,1,2.4838709831237793,1,3,3,2,2
196,1,2,1,2.4838709831237793,4,2,3,2,3
196,1,3,1,2.4838709831237793,3,2,4,2,0
196,2,2,1,2.4838709831237793,3,2,1,0,2
196,4,3,1,2.4838709831237793,1,1,2,1,2
196,3,2,1,2.4838709831237793,1,4,3,3,1
196,4,4,1,2.4838709831237793,0,0,4,2,1
196,4,2,1,2.4838709831237793,0,1,1,2,2
196,3,3,1,2.4838709831237793,2,0,3,2,0
196,2,4,1,2.4838709831237793,2,2,1,2,3
196,4,5,1,2.4838709831237793,1,2,1,3,2
196,3,2,1,2.4838709831237793,2,3,2,0,0
196,3,4,1,2.4838709831237793,3,2,3,2,0
196,4,4,1,2.4838709831237793,3,2,1,2,1
196,3,3,1,2.4838709831237793,4,2,2,0,1
196,4,4,1,2.4838709831237793,2,3,0,2,0
197,1,2,0,2.047619104385376,4,1,4,2,3
197,1,0,0,2.047619104385376,4,1,4,2,0
197,2,1,0,2.047619104385376,2,2,1,1,2
197,4,3,0,2.047619104385376,2,2,0,3,2
197,3,4,0,2.047619104385376,3,2,4,2,2
197,3,4,0,2.047619104385376,3,0,2,3,2
197,1,1,0,2.047619104385376,2,0,1,1,1
197,2,2,0,2.047619104385376,2,2,1,2,1
197,3,3,0,2.047619104385376,3,3,3,1,4
197,4,3,0,2.047619104385376,3,2,2,4,2
197,3,1,0,2.047619104385376,3,2,4,2,4
197,3,3,0,2.047619104385376,2,2,3,3,0
197,1,1,0,2.047619104385376,0,0,3,4,1
197,2,2,0,2.047619104385376,3,3,2,1,2
197,3,2,0,2.047619104385376,2,2,0,4,3
197,4,0,0,2.047619104385376,2,3,2,3,2
197,2,1,0,2.047619104385376,3,1,1,2,2
197,2,3,0,2.047619104385376,3,2,2,3,3
197,1,2,0,2.047619104385376,0,2,1,4,1
197,2,1,0,2.047619104385376,2,4,1,3,2
197,1,2,0,2.047619104385376,3,2,1,3,1
197,4,2,0,2.047619104385376,2,2,3,2,2
197,4,1,0,2.047619104385376,3,3,0,2,2
197,2,2,0,2.047619104385376,2,2,1,2,0
197,1,1,0,2.047619104385376,2,0,4,1,0
197,2,0,0,2.047619104385376,1,3,1,3,4
197,1,2,0,2.047619104385376,0,1,3,2,3
197,1,2,0,2.047619104385376,2,4,1,1,2
197,1,1,0,2.047619104385376,3,1,3,3,2
197,4,5,0,2.047619104385376,0,2,3,1,2
197,1,2,0,2.047619104385376,2,2,2,3,2
197,1,3,0,2.047619104385376,1,2,4,1,2
197,4,2,0,2.047619104385376,2,4,3,2,0
197,4,4,0,2.047619104385376,2,2,1,0,2
197,1,3,0,2.047619104385376,2,4,4,2,0
197,4,1,0,2.047619104385376,2,1,2,0,3
197,2,3,0,2.047619104385376,4,2,1,1,2
197,2,2,0,2.047619104385376,2,2,3,2,2
197,4,3,0,2.047619104385376,2,2,0,2,3
197,3,3,0,2.047619104385376,3,3,2,0,4
197,2,3,0,2.047619104385376,2,2,2,1,4
197,1,0,0,2.047619104385376,2,2,2,0,2
198,4,5,1,2.115384578704834,2,2,2,4,2
198,3,1,1,2.115384578704834,4,1,1,3,2
198,1,0,1,2.115384578704834,2,2,1,0,1
198,1,5,1,2.115384578704834,0,2,2,2,2
198,3,4,1,2.115384578704834,0,1,3,3,4
198,4,2,1,2.115384578704834,3,2,1,4,2
198,4,3,1,2.115384578704834,4,2,2,1,1
198,4,2,1,2.115384578704834,3,2,3,0,2
198,2,1,1,2.115384578704834,3,3,2,2,2
198,1,1,1,2.115384578704834,4,1,4,2,2
198,1,1,1,2.115384578704834,1,0,4,2,0
198,3,0,1,2.115384578704834,2,2,2,0,2
198,4,3,1,2.115384578704834,1,2,3,2,2
198,2,1,1,2.115384578704834,0,1,1,3,2
198,3,3,1,2.115384578704834,2,3,4,3,3
198,1,0,1,2.115384578704834,2,2,3,0,0
198,2,1,1,2.115384578704834,2,3,2,3,3
198,2,2,1,2.115384578704834,3,2,2,2,3
198,4,2,1,2.115384578704834,3,3,1,1,1
198,4,2,1,2.115384578704834,3,3,2,2,3
198,2,2,1,2.115384578704834,2,3,2,2,2
198,1,2,1,2.115384578704834,2,2,2,2,4
198,4,2,1,2.115384578704834,3,3,4,2,4
198,4,3,1,2.115384578704834,3,2,2,1,2
198,4,1,1,2.115384578704834,1,3,1,3,3
198,3,1,1,2.115384578704834,3,1,2,2,2
198,1,3,1,2.115384578704834,0,3,0,4,2
198,3,1,1,2.115384578704834,0,4,2,3,0
198,2,1,1,2.115384578704834,3,1,2,2,3
198,2,1,1,2.115384578704834,1,2,2,0,2
198,3,3,1,2.115384578704834,2,2,2,2,2
198,1,3,1,2.115384578704834,2,1,3,2,1
198,1,3,1,2.115384578704834,3,1,2,1,3
198,2,1,1,2.115384578704834,3,2,2,0,1
198,4,3,1,2.115384578704834,3,1,2,2,3
198,1,2,1,2.115384578704834,2,2,0,3,1
198,1,3,1,2.115384578704834,2,2,4,1,2
198,4,4,1,2.115384578704834,2,3,1,2,0
198,3,1,1,2.115384578704834,2,2,4,2,0
198,2,2,1,2.115384578704834,2,3,2,2,2
198,3,5,1,2.115384578704834,0,2,2,3,1
198,4,2,1,2.115384578704834,1,2,2,1,0
198,2,2,1,2.115384578704834,1,2,2,2,2
198,3,2,1,2.115384578704834,3,2,4,3,3
198,4,2,1,2.115384578704834,2,2,1,1,2
198,2,0,1,2.115384578704834,1,1,3,2,1
198,4,3,1,2.115384578704834,2,1,2,2,2
198,2,1,1,2.115384578704834,2,2,2,4,0
198,4,2,1,2.115384578704834,2,1,0,4,3
198,2,3,1,2.115384578704834,1,3,0,2,1
198,2,2,1,2.115384578704834,0,1,3,1,2
198,1,5,1,2.115384578704834,2,4,3,2,3
199,2,3,0,1.7454545497894287,4,0,1,1,2
199,2,1,0,1.7454545497894287,2,4,2,2,2
199,2,2,0,1.7454545497894287,1,2,1,2,2
199,3,1,0,1.7454545497894287,2,3,0,2,1
199,2,3,0,1.7454545497894287,1,0,2,0,2
199,1,1,0,1.7454545497894287,4,4,0,4,2
199,1,2,0,1.7454545497894287,2,2,2,2,0
199,1,4,0,1.7454545497894287,2,2,1,0,3
199,2,3,0,1.7454545497894287,2,1,1,4,3
199,1,1,0,1.7454545497894287,4,2,2,0,2
199,1,1,0,1.7454545497894287,1,2,1,2,3
199,4,4,0,1.7454545497894287,2,4,1,3,2
199,1,2,0,1.7454545497894287,4,3,2,3,3
199,4,1,0,1.7454545497894287,2,0,3,3,1
199,4,1,0,1.7454545497894287,3,2,4,2,3
199,1,2,0,1.7454545497894287,1,3,4,1,2
199,3,1,0,1.7454545497894287,2,2,1,4,2
199,3,2,0,1.7454545497894287,3,1,2,1,4
199,1,0,0,1.7454545497894287,3,1,3,1,1
199,1,1,0,1.7454545497894287,1,1,4,2,4
199,1,2,0,1.7454545497894287,1,2,1,2,2
199,3,2,0,1.7454545497894287,4,0,3,3,4
199,2,3,0,1.7454545497894287,1,2,2,2,2
199,3,2,0,1.7454545497894287,1,2,0,2,3
199,3,0,0,1.7454545497894287,2,4,1,3,2
199,1,1,0,1.7454545497894287,4,1,2,2,1
199,2,4,0,1.7454545497894287,2,3,2,2,2
199,4,1,0,1.7454545497894287,2,1,2,4,1
199,3,2,0,1.7454545497894287,0,2,1,3,1
199,3,2,0,1.7454545497894287,3,2,2,0,0
199,4,3,0,1.7454545497894287,4,4,3,3,2
199,3,2,0,1.7454545497894287,2,2,2,2,3
199,2,1,0,1.7454545497894287,3,3,0,4,3
199,1,0,0,1.7454545497894287,2,1,0,2,1
199,2,2,0,1.7454545497894287,2,3,2,2,3
199,2,0,0,1.7454545497894287,3,2,2,0,1
199,3,2,0,1.7454545497894287,1,3,1,1,0
199,4,2,0,1.7454545497894287,0,0,2,2,2
199,1,2,0,1.7454545497894287,1,2,2,2,2
199,1,4,0,1.7454545497894287,2,1,2,1,0
199,2,0,0,1.7454545497894287,1,3,4,3,0
199,2,0,0,1.7454545497894287,2,2,2,3,2
199,4,3,0,1.7454545497894287,2,2,4,4,0
199,1,1,0,1.7454545497894287,1,1,4,4,3
199,3,3,0,1.7454545497894287,4,0,2,2,1
199,2,2,0,1.7454545497894287,3,3,2,4,2
199,2,2,0,1.7454545497894287,0,2,2,3,4
199,2,1,0,1.7454545497894287,3,2,0,2,0
199,1,1,0,1.7454545497894287,2,2,3,3,3
199,2,1,0,1.7454545497894287,2,3,4,1,2
199,4,1,0,1.7454545497894287,2,1,1,1,2
199,1,0,0,1.7454545497894287,2,2,2,3,4
199,3,3,0,1.7454545497894287,4,1,0,2,1
199,4,2,0,1.7454545497894287,2,3,2,3,1
199,1,3,0,1.7454545497894287,3,2,2,2,4
401,3,2,1,2.2564103603363037,3,3,2,2,3
401,4,3,1,2.2564103603363037,3,0,3,1,3
401,4,2,1,2.2564103603363037,2,0,2,0,4
401,2,3,1,2.2564103603363037,3,1,3,2,2
401,4,2,1,2.2564103603363037,1,2,3,2,2
401,2,2,1,2.2564103603363037,2,1,3,2,3
401,1,3,1,2.2564103603363037,3,3,3,2,2
401,4,3,1,2.2564103603363037,0,0,4,3,2
401,1,3,1,2.2564103603363037,2,0,3,0,1
401,3,2,1,2.2564103603363037,3,2,1,1,3
401,4,2,1,2.2564103603363037,0,3,2,2,3
401,4,2,1,2.2564103603363037,1,3,2,2,2
401,4,2,1,2.2564103603363037,1,0,0,2,3
401,4,2,1,2.2564103603363037,2,4,2,2,3
401,3,3,1,2.2564103603363037,2,2,2,1,1
401,3,1,1,2.2564103603363037,1,3,4,1,2
401,3,2,1,2.2564103603363037,3,1,4,2,4
401,3,3,1,2.2564103603363037,2,2,1,2,2
401,3,0,1,2.2564103603363037,0,1,2,3,3
401,2,0,1,2.2564103603363037,2,2,3,2,4
401,3,5,1,2.2564103603363037,4,4,2,1,2
401,4,2,1,2.2564103603363037,2,2,0,4,2
401,3,5,1,2.2564103603363037,2,4,1,2,4
401,3,1,1,2.2564103603363037,2,1,1,2,2
401,3,3,1,2.2564103603363037,0,2,1,2,0
401,3,4,1,2.2564103603363037,3,0,1,2,2
401,4,1,1,2.2564103603363037,1,0,1,4,3
401,2,1,1,2.2564103603363037,2,3,2,1,1
401,2,0,1,2.2564103603363037,4,2,0,3,4
401,3,2,1,2.2564103603363037,2,1,3,0,4
401,1,0,1,2.2564103603363037,1,3,2,2,2
401,4,3,1,2.2564103603363037,1,4,2,2,4
401,3,4,1,2.2564103603363037,2,1,2,2,2
401,4,2,1,2.2564103603363037,3,2,1,4,1
401,4,5,1,2.2564103603363037,2,3,3,2,1
401,3,1,1,2.2564103603363037,1,2,3,1,1
401,3,2,1,2.2564103603363037,2,2,2,2,2
401,1,2,1,2.2564103603363037,0,3,1,2,2
401,4,3,1,2.2564103603363037,0,2,3,1,1
402,3,3,0,2.4848484992980957,3,3,4,4,2
402,2,2,0,2.4848484992980957,2,1,1,3,2
402,4,3,0,2.4848484992980957,1,0,2,1,2
402,2,2,0,2.4848484992980957,2,4,2,1,2
402,4,4,0,2.4848484992980957,4,3,2,1,2
402,2,2,0,2.4848484992980957,2,1,4,2,2
402,4,4,0,2.4848484992980957,2,3,2,2,0
402,2,4,0,2.4848484992980957,3,2,3,3,0
402,3,2,0,2.4848484992980957,1,1,2,3,2
402,4,1,0,2.4848484992980957,2,2,0,2,3
402,1,2,0,2.4848484992980957,1,3,1,4,0
402,3,1,0,2.4848484992980957,1,2,4,4,4
402,2,4,0,2.4848484992980957,1,1,2,1,1
402,1,5,0,2.4848484992980957,4,0,0,1,2
402,4,2,0,2.4848484992980957,2,3,1,2,0
402,1,3,0,2.4848484992980957,3,1,2,2,3
402,4,3,0,2.4848484992980957,0,2,2,3,2
402,1,2,0,2.4848484992980957,4,0,3,2,4
402,2,1,0,2.4848484992980957,2,1,0,3,3
402,2,2,0,2.4848484992980957,2,2,3,1,0
402,3,2,0,2.4848484992980957,4,4,2,4,1
402,4,6,0,2.4848484992980957,2,2,3,2,1
402,3,0,0,2.4848484992980957,2,4,0,2,3
402,2,1,0,2.4848484992980957,2,2,2,2,0
402,2,2,0,2.4848484992980957,3,2,2,2,1
402,4,4,0,2.4848484992980957,2,2,3,2,2
402,1,2,0,2.4848484992980957,1,2,2,3,2
402,1,1,0,2.4848484992980957,2,2,2,2,2
402,2,3,0,2.4848484992980957,2,3,2,3,1
402,2,2,0,2.4848484992980957,2,3,3,2,3
402,1,2,0,2.4848484992980957,4,1,1,4,2
402,1,2,0,2.4848484992980957,3,3,2,2,2
402,2,3,0,2.4848484992980957,4,1,1,4,3
403,3,4,1,2.6956522464752197,2,3,1,3,1
403,3,4,1,2.6956522464752197,4,4,2,3,2
403,4,5,1,2.6956522464752197,2,3,3,2,2
403,4,3,1,2.6956522464752197,4,1,2,1,2
403,3,3,1,2.6956522464752197,1,2,4,1,0
403,3,0,1,2.6956522464752197,4,2,2,1,3
403,3,5,1,2.6956522464752197,4,3,2,4,2
403,4,1,1,2.6956522464752197,2,3,4,2,3
403,4,1,1,2.6956522464752197,3,2,4,3,1
403,3,2,1,2.6956522464752197,1,2,3,2,1
403,2,2,1,2.6956522464752197,2,2,3,1,3
403,2,0,1,2.6956522464752197,1,3,4,4,0
403,4,3,1,2.6956522464752197,4,3,2,4,2
403,4,3,1,2.6956522464752197,2,3,1,2,2
403,3,1,1,2.6956522464752197,2,2,1,3,3
403,4,4,1,2.6956522464752197,2,1,2,2,1
403,4,3,1,2.6956522464752197,0,1,2,2,2
403,3,3,1,2.6956522464752197,2,0,1,2,2
403,4,4,1,2.6956522464752197,2,3,1,4,1
403,4,3,1,2.6956522464752197,3,4,3,2,3
403,2,2,1,2.6956522464752197,2,1,2,2,1
403,4,4,1,2.6956522464752197,0,1,1,2,2
403,4,2,1,2.6956522464752197,4,1,0,0,1
404,3,3,1,1.600000023841858,4,2,0,2,1
404,1,1,1,1.600000023841858,2,0,4,2,2
404,4,2,1,1.600000023841858,3,2,2,2,2
404,1,0,1,1.600000023841858,2,2,3,2,2
404,4,4,1,1.600000023841858,3,2,0,0,2
404,3,2,1,1.600000023841858,2,4,2,2,2
404,2,2,1,1.600000023841858,0,4,4,3,3
404,3,1,1,1.600000023841858,1,2,4,3,4
404,4,2,1,1.600000023841858,2,4,1,2,2
404,2,2,1,1.600000023841858,1,3,1,2,2
404,2,1,1,1.600000023841858,2,3,2,1,4
404,4,2,1,1.600000023841858,2,4,1,3,2
404,3,1,1,1.600000023841858,0,2,4,1,4
404,3,1,1,1.600000023841858,3,1,3,4,2
404,3,1,1,1.600000023841858,0,1,1,4,4
404,2,4,1,1.600000023841858,2,2,1,4,2
404,2,1,1,1.600000023841858,1,0,2,2,2
404,3,1,1,1.600000023841858,4,1,3,2,1
404,4,0,1,1.600000023841858,1,3,3,3,2
404,1,1,1,1.600000023841858,2,3,1,3,2
404,3,2,1,1.600000023841858,1,0,1,0,2
404,3,2,1,1.600000023841858,2,1,2,2,2
404,4,1,1,1.600000023841858,1,2,2,1,2
404,3,2,1,1.600000023841858,1,1,2,3,2
404,2,1,1,1.600000023841858,1,2,2,2,3
405,3,2,0,2.269230842590332,2,2,3,2,3
405,1,1,0,2.269230842590332,2,0,2,3,2
405,2,2,0,2.269230842590332,0,1,2,2,0
405,4,4,0,2.269230842590332,3,3,1,2,2
405,1,1,0,2.269230842590332,1,4,2,2,3
405,1,2,0,2.269230842590332,2,0,2,1,2
405,4,5,0,2.269230842590332,2,2,2,3,2
405,1,1,0,2.269230842590332,1,0,4,2,1
405,4,1,0,2.269230842590332,2,1,2,2,4
405,3,4,0,2.269230842590332,1,1,4,2,1
405,3,1,0,2.269230842590332,1,3,1,3,1
405,4,4,0,2.269230842590332,3,1,2,4,2
405,3,2,0,2.269230842590332,3,3,2,3,2
405,1,1,0,2.269230842590332,4,2,1,2,2
405,2,0,0,2.269230842590332,2,2,1,3,1
405,4,2,0,2.269230842590332,3,2,1,2,3
405,3,2,0,2.269230842590332,0,2,0,1,0
405,4,4,0,2.269230842590332,2,1,3,2,1
405,2,3,0,2.269230842590332,2,3,1,2,1
405,1,2,0,2.269230842590332,2,0,2,3,3
405,2,2,0,2.269230842590332,2,2,2,1,1
405,4,2,0,2.269230842590332,2,2,2,4,2
405,2,3,0,2.269230842590332,1,1,1,4,3
405,3,0,0,2.269230842590332,2,2,3,2,4
405,1,2,0,2.269230842590332,2,0,2,2,2
405,4,3,0,2.269230842590332,2,1,0,1,2
405,1,2,0,2.269230842590332,2,2,3,3,2
405,2,3,0,2.269230842590332,3,0,3,3,4
405,4,4,0,2.269230842590332,2,0,2,1,2
405,4,4,0,2.269230842590332,3,1,2,0,1
405,4,2,0,2.269230842590332,0,1,3,1,2
405,4,2,0,2.269230842590332,3,1,2,3,1
405,3,3,0,2.269230842590332,1,1,0,1,3
405,3,2,0,2.269230842590332,1,4,1,3,2
405,1,1,0,2.269230842590332,2,2,1,3,4
405,4,2,0,2.269230842590332,4,2,1,2,4
405,1,1,0,2.269230842590332,4,2,1,2,0
405,2,2,0,2.269230842590332,2,0,1,1,2
405,4,5,0,2.269230842590332,2,2,3,1,1
405,1,1,0,2.269230842590332,2,1,2,2,1
405,1,1,0,2.269230842590332,3,3,3,2,3
405,1,4,0,2.269230842590332,4,3,4,1,2
405,2,2,0,2.269230842590332,3,4,2,1,2
405,4,5,0,2.269230842590332,2,3,1,3,4
405,3,3,0,2.269230842590332,0,1,2,3,2
405,1,2,0,2.269230842590332,2,0,1,2,3
405,2,0,0,2.269230842590332,3,2,2,0,4
405,1,2,0,2.269230842590332,3,1,2,2,2
405,2,3,0,2.269230842590332,1,4,2,1,1
405,2,3,0,2.269230842590332,3,4,3,2,2
405,1,2,0,2.269230842590332,2,3,2,2,2
405,3,1,0,2.269230842590332,1,2,3,0,3
407,4,2,0,1.9384615421295166,3,3,2,2,4
407,4,1,0,1.9384615421295166,1,3,1,1,1
407,2,1,0,1.9384615421295166,1,3,2,1,2
407,4,1,0,1.9384615421295166,3,2,4,3,2
407,3,1,0,1.9384615421295166,3,0,2,2,1
407,3,1,0,1.9384615421295166,2,3,0,2,1
407,1,0,0,1.9384615421295166,1,2,1,3,2
407,4,3,0,1.9384615421295166,3,2,2,3,2
407,4,3,0,1.9384615421295166,1,1,0,1,2
407,2,4,0,1.9384615421295166,2,2,2,1,1
407,1,3,0,1.9384615421295166,3,3,1,1,0
407,1,2,0,1.9384615421295166,1,2,1,2,2
407,4,2,0,1.9384615421295166,0,1,3,1,2
407,3,2,0,1.9384615421295166,4,2,2,3,2
407,2,2,0,1.9384615421295166,1,3,2,2,2
407,4,2,0,1.9384615421295166,2,1,0,1,2
407,2,2,0,1.9384615421295166,3,3,0,2,2
407,4,2,0,1.9384615421295166,2,3,3,1,1
407,2,2,0,1.9384615421295166,0,2,4,1,1
407,3,1,0,1.9384615421295166,2,3,3,1,4
407,3,3,0,1.9384615421295166,2,2,2,4,0
407,3,1,0,1.9384615421295166,1,3,1,2,4
407,3,1,0,1.9384615421295166,2,2,3,1,3
407,4,2,0,1.9384615421295166,4,2,0,1,3
407,3,2,0,1.9384615421295166,3,2,2,4,2
407,3,4,0,1.9384615421295166,3,4,3,2,4
407,4,1,0,1.9384615421295166,1,3,3,0,2
407,2,2,0,1.9384615421295166,2,4,2,0,3
407,1,1,0,1.9384615421295166,2,2,3,1,2
407,4,2,0,1.9384615421295166,2,4,3,3,2
407,1,3,0,1.9384615421295166,2,0,1,1,2
407,1,2,0,1.9384615421295166,3,3,1,2,2
407,2,1,0,1.9384615421295166,0,2,1,4,3
407,4,3,0,1.9384615421295166,4,4,2,2,2
407,4,1,0,1.9384615421295166,1,1,1,1,2
407,3,3,0,1.9384615421295166,1,4,1,0,3
407,4,1,0,1.9384615421295166,2,3,2,4,0
407,3,2,0,1.9384615421295166,2,2,1,4,0
407,1,1,0,1.9384615421295166,3,3,2,2,1
407,1,1,0,1.9384615421295166,1,2,3,2,1
407,4,0,0,1.9384615421295166,2,2,2,3,4
407,4,3,0,1.9384615421295166,3,3,4,1,1
407,2,5,0,1.9384615421295166,2,4,2,0,2
407,3,0,0,1.9384615421295166,3,1,1,1,3
407,4,2,0,1.9384615421295166,1,0,4,2,3
407,2,4,0,1.9384615421295166,2,1,2,4,0
407,4,1,0,1.9384615421295166,4,2,1,2,2
407,2,0,0,1.9384615421295166,3,2,1,3,0
407,4,3,0,1.9384615421295166,2,2,1,1,0
407,4,3,0,1.9384615421295166,3,2,1,4,4
407,2,2,0,1.9384615421295166,3,2,2,1,2
407,1,2,0,1.9384615421295166,2,1,2,4,2
407,1,1,0,1.9384615421295166,0,2,4,3,0
407,3,1,0,1.9384615421295166,4,2,3,0,1
407,4,5,0,1.9384615421295166,1,3,2,3,2
407,2,1,0,1.9384615421295166,3,2,0,1,1
407,4,3,0,1.9384615421295166,0,4,2,2,4
407,1,1,0,1.9384615421295166,2,1,3,0,2
407,3,3,0,1.9384615421295166,2,0,1,0,3
407,3,0,0,1.9384615421295166,2,2,0,2,2
407,4,2,0,1.9384615421295166,1,2,0,1,4
407,2,2,0,1.9384615421295166,1,0,1,0,2
407,4,2,0,1.9384615421295166,1,2,4,3,0
407,4,4,0,1.9384615421295166,3,2,2,1,3
407,3,2,0,1.9384615421295166,2,0,1,1,3
408,2,0,1,2.444444417953491,1,3,0,0,3
408,4,4,1,2.444444417953491,3,2,3,2,2
408,1,1,1,2.444444417953491,2,0,1,3,1
408,4,4,1,2.444444417953491,2,0,4,1,1
408,2,4,1,2.444444417953491,3,2,3,2,2
408,3,1,1,2.444444417953491,0,3,1,1,1
408,2,2,1,2.444444417953491,1,2,1,2,2
408,1,2,1,2.444444417953491,3,2,1,2,3
408,3,3,1,2.444444417953491,3,1,2,3,2
408,3,2,1,2.444444417953491,0,4,1,2,3
408,3,0,1,2.444444417953491,2,3,2,1,3
408,4,5,1,2.444444417953491,4,4,4,3,3
408,1,1,1,2.444444417953491,0,4,4,2,0
408,2,1,1,2.444444417953491,2,2,2,2,3
408,3,3,1,2.444444417953491,1,4,2,1,2
408,1,0,1,2.444444417953491,2,3,2,2,1
408,4,5,1,2.444444417953491,2,2,4,3,2
408,4,4,1,2.444444417953491,3,4,2,2,2
408,4,5,1,2.444444417953491,3,3,1,2,4
408,4,2,1,2.444444417953491,3,2,1,4,0
408,1,1,1,2.444444417953491,2,1,1,2,2
408,3,2,1,2.444444417953491,2,1,2,2,2
408,1,2,1,2.444444417953491,4,4,2,1,2
408,4,4,1,2.444444417953491,1,2,0,1,2
408,4,2,1,2.444444417953491,2,2,2,2,2
408,2,2,1,2.444444417953491,2,3,1,2,2
408,4,4,1,2.444444417953491,2,1,4,0,0
409,1,2,0,2.1500000953674316,1,1,3,1,2
409,2,1,0,2.1500000953674316,2,2,2,1,1
409,2,1,0,2.1500000953674316,0,2,2,2,3
409,2,1,0,2.1500000953674316,1,2,0,2,4
409,1,1,0,2.1500000953674316,1,2,2,2,4
409,3,2,0,2.1500000953674316,0,3,2,1,2
409,2,1,0,2.1500000953674316,1,0,2,1,2
409,1,1,0,2.1500000953674316,1,2,1,1,3
409,3,1,0,2.1500000953674316,1,2,1,4,2
409,1,3,0,2.1500000953674316,1,2,3,2,4
409,2,2,0,2.1500000953674316,3,2,2,2,0
409,1,2,0,2.1500000953674316,2,2,1,2,3
409,2,1,0,2.1500000953674316,3,1,3,0,2
409,4,2,0,2.1500000953674316,2,2,2,3,0
409,4,3,0,2.1500000953674316,2,0,1,3,2
409,3,4,0,2.1500000953674316,3,2,2,0,0
409,3,0,0,2.1500000953674316,2,2,2,2,2
409,4,0,0,2.1500000953674316,0,4,2,1,3
409,1,2,0,2.1500000953674316,3,2,1,2,0
409,3,5,0,2.1500000953674316,3,2,2,2,3
409,2,2,0,2.1500000953674316,3,2,4,4,1
409,2,2,0,2.1500000953674316,2,3,2,2,4
409,4,2,0,2.1500000953674316,3,2,3,2,2
409,1,0,0,2.1500000953674316,2,4,4,1,2
409,1,1,0,2.1500000953674316,1,3,0,3,2
409,4,3,0,2.1500000953674316,2,3,0,4,3
409,1,2,0,2.1500000953674316,2,2,1,0,2
409,3,2,0,2.1500000953674316,2,2,1,2,2
409,3,2,0,2.1500000953674316,2,1,2,2,4
409,2,3,0,2.1500000953674316,0,2,2,2,3
409,1,4,0,2.1500000953674316,2,1,4,3,4
409,4,2,0,2.1500000953674316,4,3,2,0,1
409,1,2,0,2.1500000953674316,3,2,2,2,1
409,1,2,0,2.1500000953674316,2,2,1,2,2
409,4,5,0,2.1500000953674316,1,4,2,3,3
409,4,3,0,2.1500000953674316,2,1,1,0,2
409,4,3,0,2.1500000953674316,1,2,1,3,3
409,1,1,0,2.1500000953674316,0,2,1,2,2
409,3,2,0,2.1500000953674316,1,2,4,4,2
409,2,3,0,2.1500000953674316,3,2,0,4,4
409,2,3,0,2.1500000953674316,2,2,2,2,4
409,4,3,0,2.1500000953674316,4,2,0,0,3
409,4,4,0,2.1500000953674316,2,1,0,0,2
409,2,0,0,2.1500000953674316,3,2,0,2,2
409,4,2,0,2.1500000953674316,4,3,3,2,2
409,1,0,0,2.1500000953674316,2,0,1,0,3
409,4,2,0,2.1500000953674316,2,2,0,3,2
409,2,2,0,2.1500000953674316,2,2,2,2,2
409,4,4,0,2.1500000953674316,4,4,2,1,1
409,3,1,0,2.1500000953674316,2,3,3,1,3
409,1,1,0,2.1500000953674316,2,0,4,0,2
409,2,1,0,2.1500000953674316,1,2,2,2,4
409,2,3,0,2.1500000953674316,1,2,3,1,0
409,2,3,0,2.1500000953674316,2,0,3,0,3
409,4,3,0,2.1500000953674316,2,3,1,0,0
409,3,1,0,2.1500000953674316,2,2,2,2,1
409,4,2,0,2.1500000953674316,1,2,1,2,1
409,2,2,0,2.1500000953674316,3,0,3,2,1
409,1,1,0,2.1500000953674316,2,3,2,4,2
409,4,1,0,2.1500000953674316,3,0,2,4,1
409,3,2,0,2.1500000953674316,2,3,2,2,2
409,4,3,0,2.1500000953674316,3,3,0,0,3
409,3,3,0,2.1500000953674316,2,2,1,4,2
409,1,3,0,2.1500000953674316,2,1,1,2,1
409,1,2,0,2.1500000953674316,2,2,2,0,1
409,1,2,0,2.1500000953674316,0,3,3,2,1
409,3,4,0,2.1500000953674316,1,4,1,2,0
409,3,3,0,2.1500000953674316,2,1,1,0,1
409,1,2,0,2.1500000953674316,2,0,2,3,2
409,3,3,0,2.1500000953674316,3,3,1,4,2
409,3,4,0,2.1500000953674316,2,1,1,1,3
409,3,1,0,2.1500000953674316,3,2,2,2,2
409,2,1,0,2.1500000953674316,1,2,1,2,4
409,3,4,0,2.1500000953674316,2,3,0,2,1
409,1,3,0,2.1500000953674316,3,2,4,2,3
409,3,2,0,2.1500000953674316,0,2,2,3,3
409,3,2,0,2.1500000953674316,0,2,4,2,1
409,1,1,0,2.1500000953674316,3,2,2,3,2
409,2,3,0,2.1500000953674316,2,0,4,0,2
409,4,4,0,2.1500000953674316,1,2,2,2,1
410,3,3,1,1.7575757503509521,3,2,2,3,2
410,4,2,1,1.7575757503509521,1,2,2,1,1
410,1,2,1,1.7575757503509521,4,3,2,2,4
410,2,1,1,1.7575757503509521,2,2,2,3,1
410,4,1,1,1.7575757503509521,1,0,3,2,1
410,1,3,1,1.7575757503509521,1,2,2,4,3
410,1,1,1,1.7575757503509521,3,1,4,1,3
410,1,5,1,1.7575757503509521,4,2,0,2,2
410,2,1,1,1.7575757503509521,2,4,2,2,2
410,2,2,1,1.7575757503509521,4,4,2,1,2
410,1,0,1,1.7575757503509521,0,0,4,4,3
410,2,1,1,1.7575757503509521,2,1,2,1,3
410,2,2,1,1.7575757503509521,2,2,2,3,1
410,4,2,1,1.7575757503509521,1,0,2,2,1
410,1,4,1,1.7575757503509521,2,2,1,2,2
410,2,1,1,1.7575757503509521,1,4,2,2,2
410,2,2,1,1.7575757503509521,2,4,3,2,3
410,1,1,1,1.7575757503509521,2,2,2,2,4
410,3,2,1,1.7575757503509521,3,2,2,3,4
410,1,2,1,1.7575757503509521,3,3,0,1,0
410,1,0,1,1.7575757503509521,1,2,2,2,3
410,3,1,1,1.7575757503509521,2,1,4,1,1
410,4,4,1,1.7575757503509521,2,2,1,2,0
410,1,3,1,1.7575757503509521,3,2,3,4,1
410,2,0,1,1.7575757503509521,2,2,1,2,1
410,1,0,1,1.7575757503509521,2,2,1,2,2
410,3,1,1,1.7575757503509521,2,2,4,3,2
410,3,3,1,1.7575757503509521,3,2,4,0,2
410,3,1,1,1.7575757503509521,1,0,2,2,1
410,3,1,1,1.7575757503509521,0,2,2,2,0
410,2,0,1,1.7575757503509521,2,1,1,1,2
410,1,4,1,1.7575757503509521,2,0,2,2,0
410,3,2,1,1.7575757503509521,1,4,3,3,2
411,4,5,0,3.055555582046509,2,1,1,1,1
411,1,0,0,3.055555582046509,1,4,1,4,3
411,4,6,0,3.055555582046509,1,2,3,3,2
411,3,3,0,3.055555582046509,2,1,2,1,3
411,3,4,0,3.055555582046509,3,3,2,1,1
411,4,4,0,3.055555582046509,0,1,4,3,2
411,3,3,0,3.055555582046509,2,3,2,2,2
411,4,3,0,3.055555582046509,4,1,4,2,2
411,2,1,0,3.055555582046509,2,1,3,3,4
411,2,4,0,3.055555582046509,1,2,2,3,0
411,4,4,0,3.055555582046509,3,3,4,2,4
411,4,1,0,3.055555582046509,2,2,2,2,1
411,3,3,0,3.055555582046509,1,3,1,1,4
411,2,4,0,3.055555582046509,2,2,2,4,4
411,4,2,0,3.055555582046509,3,4,2,3,2
411,3,2,0,3.055555582046509,2,2,0,1,3
411,4,3,0,3.055555582046509,2,3,2,4,1
411,3,3,0,3.055555582046509,4,2,3,4,1
412,4,1,1,1.5882352590560913,2,2,2,1,3
412,4,1,1,1.5882352590560913,1,2,2,2,2
412,4,3,1,1.5882352590560913,1,3,1,2,4
412,4,1,1,1.5882352590560913,2,3,3,4,0
412,3,1,1,1.5882352590560913,3,2,1,2,2
412,2,4,1,1.5882352590560913,4,0,0,2,2
412,2,1,1,1.5882352590560913,1,3,0,2,1
412,2,0,1,1.5882352590560913,2,3,2,2,2
412,4,4,1,1.5882352590560913,2,2,2,0,2
412,2,0,1,1.5882352590560913,1,1,2,2,1
412,3,2,1,1.5882352590560913,3,3,1,3,4
412,3,1,1,1.5882352590560913,2,3,0,2,2
412,3,3,1,1.5882352590560913,4,2,1,0,2
412,1,3,1,1.5882352590560913,0,2,2,2,3
412,4,3,1,1.5882352590560913,4,2,3,0,2
412,4,1,1,1.5882352590560913,0,2,0,2,2
412,3,2,1,1.5882352590560913,3,2,2,0,2
412,1,0,1,1.5882352590560913,3,3,2,2,1
412,3,0,1,1.5882352590560913,1,2,4,2,3
412,2,2,1,1.5882352590560913,1,2,4,2,2
412,3,2,1,1.5882352590560913,2,0,1,2,1
412,1,2,1,1.5882352590560913,3,1,3,3,3
412,1,2,1,1.5882352590560913,1,2,3,2,1
412,4,1,1,1.5882352590560913,3,1,1,1,1
412,3,1,1,1.5882352590560913,3,1,3,2,3
412,1,1,1,1.5882352590560913,2,3,2,2,4
412,3,1,1,1.5882352590560913,2,4,3,0,2
412,3,3,1,1.5882352590560913,0,3,2,3,1
412,2,1,1,1.5882352590560913,2,2,2,4,2
412,3,0,1,1.5882352590560913,2,1,3,2,2
412,3,2,1,1.5882352590560913,1,3,2,1,3
412,1,1,1,1.5882352590560913,3,2,3,3,1
412,1,1,1,1.5882352590560913,1,1,2,2,3
412,4,3,1,1.5882352590560913,2,2,1,2,2
414,3,0,1,1.7894736528396606,0,0,2,1,3
414,4,3,1,1.7894736528396606,1,3,4,3,4
414,1,1,1,1.7894736528396606,2,0,2,1,0
414,3,2,1,1.7894736528396606,2,2,4,2,1
414,1,2,1,1.7894736528396606,1,0,2,3,3
414,4,3,1,1.7894736528396606,1,2,3,1,3
414,2,3,1,1.7894736528396606,2,1,2,3,2
414,3,1,1,1.7894736528396606,2,3,0,1,0
414,3,2,1,1.7894736528396606,2,3,3,2,1
414,4,3,1,1.7894736528396606,3,2,2,1,0
414,2,3,1,1.7894736528396606,2,2,3,3,3
414,3,2,1,1.7894736528396606,3,3,2,3,4
414,1,2,1,1.7894736528396606,1,2,4,3,2
414,3,2,1,1.7894736528396606,2,1,1,1,0
414,4,2,1,1.7894736528396606,2,2,1,2,3
414,2,3,1,1.7894736528396606,2,3,2,2,1
414,2,1,1,1.7894736528396606,2,2,0,4,2
414,2,0,1,1.7894736528396606,3,2,2,3,2
414,2,1,1,1.7894736528396606,1,3,1,4,1
414,2,2,1,1.7894736528396606,3,3,2,1,2
414,4,1,1,1.7894736528396606,2,0,2,2,2
414,2,1,1,1.7894736528396606,1,1,4,1,0
414,4,1,1,1.7894736528396606,2,0,1,3,1
414,4,4,1,1.7894736528396606,1,3,3,4,1
414,4,2,1,1.7894736528396606,2,1,3,4,2
414,2,4,1,1.7894736528396606,2,2,3,3,3
414,3,0,1,1.7894736528396606,0,0,4,1,2
414,2,2,1,1.7894736528396606,1,2,1,3,1
414,3,1,1,1.7894736528396606,4,0,1,2,1
414,2,2,1,1.7894736528396606,1,2,2,3,2
414,4,2,1,1.7894736528396606,4,2,4,0,2
414,3,4,1,1.7894736528396606,2,2,1,1,3
414,4,2,1,1.7894736528396606,3,0,4,2,2
414,3,0,1,1.7894736528396606,4,2,0,2,2
414,4,0,1,1.7894736528396606,2,4,2,1,3
414,4,0,1,1.7894736528396606,4,0,2,2,3
414,2,3,1,1.7894736528396606,2,2,1,3,0
414,2,1,1,1.7894736528396606,1,2,2,3,4
415,4,2,1,2.1940298080444336,1,1,2,1,3
415,4,5,1,2.1940298080444336,0,0,2,2,0
415,1,3,1,2.1940298080444336,2,3,2,3,0
415,3,3,1,2.1940298080444336,2,0,2,1,2
415,4,1,1,2.1940298080444336,0,4,1,2,2
415,3,2,1,2.1940298080444336,2,2,2,3,0
415,4,0,1,2.1940298080444336,3,0,2,3,1
415,3,3,1,2.1940298080444336,1,3,0,3,2
415,3,3,1,2.1940298080444336,1,3,2,2,2
415,4,1,1,2.1940298080444336,0,1,3,3,2
415,1,1,1,2.1940298080444336,3,2,0,3,3
415,2,1,1,2.1940298080444336,2,2,0,2,2
415,4,2,1,2.1940298080444336,2,3,0,2,1
415,4,1,1,2.1940298080444336,2,1,3,3,0
415,4,6,1,2.1940298080444336,1,2,3,2,2
415,3,2,1,2.1940298080444336,1,2,2,2,2
415,4,3,1,2.1940298080444336,4,2,1,2,2
415,4,2,1,2.1940298080444336,1,1,0,1,2
415,4,2,1,2.1940298080444336,3,1,0,1,3
415,4,1,1,2.1940298080444336,1,1,2,4,4
415,4,2,1,2.1940298080444336,3,2,2,1,4
415,2,5,1,2.1940298080444336,1,3,2,0,0
415,4,6,1,2.1940298080444336,3,2,2,1,3
415,2,0,1,2.1940298080444336,2,2,3,4,2
415,3,4,1,2.1940298080444336,2,3,2,0,2
415,2,0,1,2.1940298080444336,4,2,0,2,4
415,4,3,1,2.1940298080444336,0,2,3,1,3
415,3,1,1,2.1940298080444336,3,4,1,4,2
415,1,2,1,2.1940298080444336,1,3,1,0,0
415,4,2,1,2.1940298080444336,4,0,2,2,3
415,3,1,1,2.1940298080444336,1,3,3,1,2
415,2,1,1,2.1940298080444336,2,4,2,2,3
415,3,0,1,2.1940298080444336,2,4,2,3,0
415,1,2,1,2.1940298080444336,4,2,2,3,1
415,4,3,1,2.1940298080444336,2,3,1,0,2
415,4,3,1,2.1940298080444336,1,2,4,2,4
415,4,4,1,2.1940298080444336,2,0,3,0,2
415,1,1,1,2.1940298080444336,0,3,2,0,3
415,4,4,1,2.1940298080444336,1,4,2,3,2
415,4,4,1,2.1940298080444336,0,3,2,3,1
415,4,2,1,2.1940298080444336,2,3,3,4,2
415,2,1,1,2.1940298080444336,0,2,2,2,2
415,2,1,1,2.1940298080444336,2,4,3,0,2
415,4,1,1,2.1940298080444336,3,3,3,2,2
415,4,2,1,2.1940298080444336,2,3,0,3,1
415,3,2,1,2.1940298080444336,2,3,4,0,2
415,3,3,1,2.1940298080444336,2,2,0,2,2
415,4,1,1,2.1940298080444336,2,4,2,2,1
415,1,3,1,2.1940298080444336,1,2,1,1,2
415,4,3,1,2.1940298080444336,3,4,2,0,2
415,3,3,1,2.1940298080444336,2,2,1,1,2
415,2,0,1,2.1940298080444336,1,1,1,3,4
415,3,3,1,2.1940298080444336,3,2,2,3,1
415,3,1,1,2.1940298080444336,2,3,2,1,4
415,3,2,1,2.1940298080444336,2,2,4,1,1
415,4,4,1,2.1940298080444336,0,2,1,0,1
415,4,3,1,2.1940298080444336,2,2,2,4,3
415,3,3,1,2.1940298080444336,1,1,2,2,2
415,4,1,1,2.1940298080444336,3,4,1,2,4
415,2,1,1,2.1940298080444336,2,2,3,2,2
415,4,5,1,2.1940298080444336,4,4,2,4,2
415,3,2,1,2.1940298080444336,1,2,1,4,3
415,3,4,1,2.1940298080444336,3,1,4,4,1
415,2,2,1,2.1940298080444336,2,3,1,3,2
415,2,0,1,2.1940298080444336,1,2,2,3,2
415,4,1,1,2.1940298080444336,1,3,3,1,2
415,4,1,1,2.1940298080444336,4,1,2,2,1
505,2,1,1,1.8904109001159668,1,3,0,1,0
505,2,1,1,1.8904109001159668,2,2,2,2,2
505,3,2,1,1.8904109001159668,1,3,3,4,2
505,3,2,1,1.8904109001159668,1,0,1,4,3
505,4,2,1,1.8904109001159668,1,2,0,0,1
505,1,5,1,1.8904109001159668,1,0,2,1,2
505,4,4,1,1.8904109001159668,1,2,1,2,3
505,3,2,1,1.8904109001159668,3,0,3,1,2
505,1,1,1,1.8904109001159668,2,3,2,3,2
505,4,2,1,1.8904109001159668,1,3,0,3,4
505,3,4,1,1.8904109001159668,2,0,2,2,4
505,3,4,1,1.8904109001159668,1,2,2,0,2
505,3,0,1,1.8904109001159668,1,0,1,3,3
505,3,2,1,1.8904109001159668,1,0,0,3,2
505,4,1,1,1.8904109001159668,4,4,1,2,3
505,4,3,1,1.8904109001159668,0,1,2,2,3
505,1,2,1,1.8904109001159668,3,2,3,4,3
505,1,0,1,1.8904109001159668,1,2,1,0,2
505,1,0,1,1.8904109001159668,4,1,2,3,0
505,4,4,1,1.8904109001159668,0,2,3,2,2
505,2,2,1,1.8904109001159668,2,3,4,1,2
505,2,0,1,1.8904109001159668,0,2,4,2,2
505,2,2,1,1.8904109001159668,2,2,2,3,3
505,2,3,1,1.8904109001159668,2,4,3,2,2
505,2,3,1,1.8904109001159668,3,4,2,0,1
505,2,2,1,1.8904109001159668,2,3,1,2,2
505,4,1,1,1.8904109001159668,2,0,2,2,3
505,1,1,1,1.8904109001159668,2,2,2,0,4
505,3,2,1,1.8904109001159668,2,2,1,2,4
505,4,2,1,1.8904109001159668,2,3,2,1,2
505,1,2,1,1.8904109001159668,1,2,1,2,3
505,3,2,1,1.8904109001159668,2,3,1,1,0
505,1,1,1,1.8904109001159668,3,2,0,1,0
505,3,0,1,1.8904109001159668,3,4,2,0,0
505,4,3,1,1.8904109001159668,4,3,2,2,1
505,4,1,1,1.8904109001159668,3,2,2,2,1
505,3,1,1,1.8904109001159668,3,3,2,2,4
505,2,3,1,1.8904109001159668,2,2,2,2,0
505,1,0,1,1.8904109001159668,2,2,2,1,3
505,2,0,1,1.8904109001159668,3,1,2,3,4
505,1,1,1,1.8904109001159668,1,0,2,2,1
505,2,6,1,1.8904109001159668,1,1,2,1,3
505,3,3,1,1.8904109001159668,2,2,3,2,3
505,2,1,1,1.8904109001159668,2,2,1,1,2
505,4,2,1,1.8904109001159668,1,2,2,2,2
505,3,2,1,1.8904109001159668,3,4,2,2,1
505,2,1,1,1.8904109001159668,3,2,3,0,0
505,3,1,1,1.8904109001159668,2,3,2,2,2
505,3,1,1,1.8904109001159668,3,2,2,2,2
505,2,3,1,1.8904109001159668,3,2,3,3,2
505,1,2,1,1.8904109001159668,1,1,1,0,2
505,2,2,1,1.8904109001159668,2,0,1,2,4
505,3,3,1,1.8904109001159668,2,2,0,2,0
505,1,3,1,1.8904109001159668,2,2,1,1,2
505,2,1,1,1.8904109001159668,2,1,2,2,0
505,2,3,1,1.8904109001159668,1,2,0,2,3
505,2,2,1,1.8904109001159668,2,3,3,2,0
505,2,1,1,1.8904109001159668,1,3,2,4,2
505,1,2,1,1.8904109001159668,1,0,2,3,2
505,4,2,1,1.8904109001159668,3,3,1,1,1
505,4,1,1,1.8904109001159668,3,2,2,1,4
505,3,0,1,1.8904109001159668,1,0,3,2,2
505,3,2,1,1.8904109001159668,2,2,0,1,3
505,1,2,1,1.8904109001159668,1,2,4,4,2
505,3,0,1,1.8904109001159668,2,2,1,3,3
505,4,3,1,1.8904109001159668,4,2,2,2,4
505,3,1,1,1.8904109001159668,3,0,2,1,3
505,1,2,1,1.8904109001159668,3,2,2,2,4
505,1,4,1,1.8904109001159668,1,3,1,2,2
505,3,2,1,1.8904109001159668,1,2,2,1,2
505,4,2,1,1.8904109001159668,1,2,4,2,0
505,3,2,1,1.8904109001159668,3,2,2,2,2
505,4,2,1,1.8904109001159668,2,2,2,1,1
506,3,0,0,1.7285714149475098,0,0,3,0,1
506,1,4,0,1.7285714149475098,4,0,0,2,2
506,1,2,0,1.7285714149475098,2,0,1,3,4
506,2,1,0,1.7285714149475098,2,2,1,3,1
506,4,3,0,1.7285714149475098,2,2,1,2,2
506,1,2,0,1.7285714149475098,4,0,2,2,1
506,4,0,0,1.7285714149475098,4,1,2,4,2
506,4,2,0,1.7285714149475098,3,2,2,2,4
506,2,0,0,1.7285714149475098,3,3,2,4,2
506,1,0,0,1.7285714149475098,4,1,4,3,1
506,1,0,0,1.7285714149475098,4,2,2,1,2
506,1,1,0,1.7285714149475098,2,1,2,3,3
506,2,2,0,1.7285714149475098,2,3,3,2,2
506,4,0,0,1.7285714149475098,2,2,1,2,2
506,2,2,0,1.7285714149475098,2,2,4,0,2
506,1,2,0,1.7285714149475098,3,3,2,2,3
506,3,2,0,1.7285714149475098,2,2,2,3,2
506,3,3,0,1.7285714149475098,2,2,0,1,2
506,1,2,0,1.7285714149475098,2,1,3,1,3
506,2,1,0,1.7285714149475098,2,1,4,4,2
506,1,4,0,1.7285714149475098,3,2,2,3,2
506,2,1,0,1.7285714149475098,4,2,1,2,2
506,2,2,0,1.7285714149475098,2,0,2,2,3
506,1,2,0,1.7285714149475098,3,2,4,2,1
506,4,2,0,1.7285714149475098,2,2,2,1,2
506,1,1,0,1.7285714149475098,3,1,3,1,3
506,2,1,0,1.7285714149475098,2,2,4,0,1
506,1,2,0,1.7285714149475098,0,2,0,1,2
506,1,0,0,1.7285714149475098,1,1,3,0,2
506,2,1,0,1.7285714149475098,2,4,1,1,0
506,4,6,0,1.7285714149475098,2,3,1,1,1
506,1,1,0,1.7285714149475098,1,1,1,2,2
506,1,2,0,1.7285714149475098,0,2,1,0,1
506,3,2,0,1.7285714149475098,2,2,2,4,2
506,1,3,0,1.7285714149475098,4,3,3,2,1
506,1,3,0,1.7285714149475098,0,2,3,2,2
506,3,1,0,1.7285714149475098,1,2,4,2,2
506,2,2,0,1.7285714149475098,2,2,1,2,3
506,4,1,0,1.7285714149475098,0,2,1,1,4
506,4,3,0,1.7285714149475098,1,1,2,2,2
506,1,1,0,1.7285714149475098,4,1,4,2,2
506,2,1,0,1.7285714149475098,3,2,2,1,2
506,2,0,0,1.7285714149475098,3,1,2,3,1
506,2,4,0,1.7285714149475098,3,2,1,2,2
506,1,1,0,1.7285714149475098,0,1,2,3,3
506,3,1,0,1.7285714149475098,4,4,0,1,2
506,4,1,0,1.7285714149475098,0,2,2,3,1
506,1,2,0,1.7285714149475098,1,2,1,2,0
506,2,3,0,1.7285714149475098,3,2,2,3,3
506,1,1,0,1.7285714149475098,1,4,3,2,3
506,2,0,0,1.7285714149475098,2,4,3,2,3
506,1,3,0,1.7285714149475098,3,3,1,2,0
506,1,1,0,1.7285714149475098,0,4,2,4,2
506,1,3,0,1.7285714149475098,2,1,0,3,1
506,2,3,0,1.7285714149475098,2,0,2,0,3
506,2,1,0,1.7285714149475098,2,2,0,0,2
506,1,0,0,1.7285714149475098,1,4,2,2,1
506,3,3,0,1.7285714149475098,1,0,1,2,1
506,1,4,0,1.7285714149475098,2,2,1,1,0
506,2,3,0,1.7285714149475098,0,2,2,1,0
506,3,1,0,1.7285714149475098,2,2,3,4,2
506,4,2,0,1.7285714149475098,2,1,1,1,1
506,1,0,0,1.7285714149475098,2,1,4,4,2
506,2,3,0,1.7285714149475098,4,4,1,0,2
506,2,2,0,1.7285714149475098,2,1,1,2,3
506,3,4,0,1.7285714149475098,4,2,2,4,0
506,2,0,0,1.7285714149475098,3,2,2,4,2
506,3,1,0,1.7285714149475098,4,0,3,2,3
506,2,2,0,1.7285714149475098,1,2,4,0,0
506,2,1,0,1.7285714149475098,1,2,0,2,3
507,3,4,0,1.7432432174682617,1,4,0,1,2
507,3,0,0,1.7432432174682617,1,3,1,2,1
507,1,2,0,1.7432432174682617,3,2,0,4,1
507,2,1,0,1.7432432174682617,4,1,2,3,2
507,3,3,0,1.7432432174682617,4,2,0,2,1
507,3,1,0,1.7432432174682617,1,2,2,2,3
507,1,0,0,1.7432432174682617,2,3,1,1,1
507,4,1,0,1.7432432174682617,0,0,3,2,2
507,3,2,0,1.7432432174682617,3,4,1,3,3
507,1,1,0,1.7432432174682617,0,2,4,4,2
507,2,2,0,1.7432432174682617,3,4,2,4,3
507,1,0,0,1.7432432174682617,3,1,0,3,2
507,1,0,0,1.7432432174682617,2,1,3,2,1
507,2,1,0,1.7432432174682617,0,0,3,4,0
507,2,4,0,1.7432432174682617,1,2,3,2,2
507,2,1,0,1.7432432174682617,1,3,3,3,2
507,1,5,0,1.7432432174682617,3,4,4,3,3
507,2,2,0,1.7432432174682617,0,4,2,4,3
507,3,3,0,1.7432432174682617,2,2,2,2,0
507,2,3,0,1.7432432174682617,1,1,2,2,2
507,2,2,0,1.7432432174682617,3,1,2,3,2
507,1,1,0,1.7432432174682617,3,2,3,0,2
507,2,1,0,1.7432432174682617,2,2,2,2,2
507,3,4,0,1.7432432174682617,4,1,2,3,0
507,3,2,0,1.7432432174682617,4,1,3,2,0
507,4,2,0,1.7432432174682617,3,1,1,2,3
507,4,1,0,1.7432432174682617,3,2,2,2,2
507,1,2,0,1.7432432174682617,3,1,2,1,1
507,1,1,0,1.7432432174682617,1,2,2,1,2
507,1,1,0,1.7432432174682617,1,2,0,3,2
507,2,3,0,1.7432432174682617,3,0,2,2,2
507,1,1,0,1.7432432174682617,2,2,2,2,2
507,2,1,0,1.7432432174682617,2,4,2,1,2
507,4,0,0,1.7432432174682617,2,2,3,4,2
507,2,5,0,1.7432432174682617,2,2,1,2,2
507,4,1,0,1.7432432174682617,1,2,3,3,2
507,1,1,0,1.7432432174682617,3,2,1,0,1
507,3,2,0,1.7432432174682617,2,1,1,2,2
507,1,2,0,1.7432432174682617,4,2,1,2,2
507,4,1,0,1.7432432174682617,2,1,2,1,4
507,1,1,0,1.7432432174682617,1,4,4,1,1
507,3,2,0,1.7432432174682617,3,0,4,2,1
507,3,1,0,1.7432432174682617,1,4,2,2,1
507,4,1,0,1.7432432174682617,3,1,3,2,2
507,3,2,0,1.7432432174682617,3,3,3,1,4
507,1,3,0,1.7432432174682617,2,1,4,3,3
507,1,1,0,1.7432432174682617,2,4,1,2,2
507,4,1,0,1.7432432174682617,3,4,4,2,2
507,2,2,0,1.7432432174682617,1,4,1,3,1
507,1,1,0,1.7432432174682617,2,0,3,0,3
507,4,2,0,1.7432432174682617,2,2,1,2,2
507,4,3,0,1.7432432174682617,4,3,2,2,0
507,1,2,0,1.7432432174682617,1,2,2,2,4
507,4,1,0,1.7432432174682617,3,2,3,1,3
507,1,0,0,1.7432432174682617,0,4,2,2,3
507,2,1,0,1.7432432174682617,1,1,4,3,1
507,2,4,0,1.7432432174682617,3,2,1,0,2
507,2,4,0,1.7432432174682617,2,2,3,3,3
507,4,3,0,1.7432432174682617,0,2,4,2,3
507,1,3,0,1.7432432174682617,3,0,0,2,2
507,4,2,0,1.7432432174682617,2,1,2,1,2
507,1,1,0,1.7432432174682617,0,2,2,2,2
507,1,2,0,1.7432432174682617,2,1,2,1,1
507,4,3,0,1.7432432174682617,2,2,1,2,1
507,1,0,0,1.7432432174682617,4,3,2,4,2
507,3,2,0,1.7432432174682617,1,4,2,2,3
507,1,1,0,1.7432432174682617,1,2,4,0,2
507,3,1,0,1.7432432174682617,2,4,2,2,2
507,1,2,0,1.7432432174682617,2,3,1,1,2
507,1,0,0,1.7432432174682617,2,2,2,2,2
507,2,1,0,1.7432432174682617,3,0,1,0,4
507,2,4,0,1.7432432174682617,0,1,2,2,2
507,2,1,0,1.7432432174682617,0,3,2,2,1
507,1,1,0,1.7432432174682617,1,0,3,3,1
508,3,4,0,2.7195122241973877,3,2,2,3,2
508,4,5,0,2.7195122241973877,1,3,2,3,0
508,1,3,0,2.7195122241973877,1,4,1,1,2
508,2,4,0,2.7195122241973877,0,2,0,2,2
508,3,2,0,2.7195122241973877,2,3,3,1,2
508,4,3,0,2.7195122241973877,1,3,3,3,1
508,2,3,0,2.7195122241973877,3,4,4,1,2
508,2,4,0,2.7195122241973877,0,3,1,0,2
508,4,5,0,2.7195122241973877,1,1,2,2,2
508,3,3,0,2.7195122241973877,2,2,2,1,3
508,1,4,0,2.7195122241973877,2,2,0,3,1
508,3,3,0,2.7195122241973877,3,2,2,2,2
508,4,2,0,2.7195122241973877,2,2,4,2,2
508,3,3,0,2.7195122241973877,1,2,1,4,2
508,4,2,0,2.7195122241973877,2,2,1,1,1
508,1,2,0,2.7195122241973877,2,3,2,3,2
508,2,2,0,2.7195122241973877,3,2,4,2,1
508,3,4,0,2.7195122241973877,1,3,3,1,4
508,4,3,0,2.7195122241973877,1,2,1,2,0
508,4,4,0,2.7195122241973877,2,2,2,2,1
508,4,4,0,2.7195122241973877,2,2,2,2,3
508,4,4,0,2.7195122241973877,2,1,2,4,3
508,4,4,0,2.7195122241973877,1,3,3,3,2
508,2,1,0,2.7195122241973877,3,3,2,2,3
508,2,0,0,2.7195122241973877,0,1,3,3,1
508,4,4,0,2.7195122241973877,0,2,0,0,3
508,1,1,0,2.7195122241973877,3,0,1,2,2
508,3,3,0,2.7195122241973877,1,1,0,2,2
508,3,4,0,2.7195122241973877,3,1,1,2,2
508,2,3,0,2.7195122241973877,1,2,1,0,2
508,4,3,0,2.7195122241973877,1,2,2,2,4
508,4,2,0,2.7195122241973877,3,2,1,4,2
508,4,1,0,2.7195122241973877,2,4,0,2,3
508,3,2,0,2.7195122241973877,1,0,2,2,2
508,2,3,0,2.7195122241973877,3,1,3,2,1
508,4,2,0,2.7195122241973877,1,3,2,3,2
508,2,1,0,2.7195122241973877,2,2,1,2,4
508,1,0,0,2.7195122241973877,2,2,3,3,3
508,2,3,0,2.7195122241973877,4,4,2,3,1
508,4,5,0,2.7195122241973877,3,3,2,4,3
508,2,1,0,2.7195122241973877,3,2,2,1,3
508,3,3,0,2.7195122241973877,3,1,2,0,2
508,4,2,0,2.7195122241973877,1,2,2,2,4
508,4,4,0,2.7195122241973877,2,0,2,2,4
508,1,3,0,2.7195122241973877,0,1,0,3,4
508,3,3,0,2.7195122241973877,4,1,2,2,3
508,3,3,0,2.7195122241973877,2,3,2,1,4
508,3,1,0,2.7195122241973877,3,1,2,4,3
508,3,4,0,2.7195122241973877,2,2,3,4,2
508,1,1,0,2.7195122241973877,1,2,2,0,3
508,3,2,0,2.7195122241973877,2,1,1,3,1
508,3,2,0,2.7195122241973877,2,2,1,2,0
508,2,2,0,2.7195122241973877,2,4,3,4,1
508,1,2,0,2.7195122241973877,3,2,2,3,4
508,4,3,0,2.7195122241973877,1,4,3,1,2
508,4,2,0,2.7195122241973877,2,0,2,2,1
508,2,3,0,2.7195122241973877,2,1,1,3,3
508,4,4,0,2.7195122241973877,2,3,0,0,1
508,3,5,0,2.7195122241973877,3,2,3,2,2
508,2,1,0,2.7195122241973877,4,1,2,2,2
508,3,4,0,2.7195122241973877,3,4,2,4,2
508,2,4,0,2.7195122241973877,0,0,3,3,2
508,4,4,0,2.7195122241973877,2,0,2,1,1
508,2,2,0,2.7195122241973877,2,1,1,0,2
508,1,1,0,2.7195122241973877,2,3,0,2,3
508,3,1,0,2.7195122241973877,1,1,2,4,1
508,2,1,0,2.7195122241973877,1,3,3,2,3
508,4,3,0,2.7195122241973877,0,1,3,0,3
508,4,2,0,2.7195122241973877,0,2,1,0,1
508,3,2,0,2.7195122241973877,4,2,3,2,2
508,1,1,0,2.7195122241973877,1,2,2,3,3
508,3,2,0,2.7195122241973877,2,2,3,2,1
508,2,1,0,2.7195122241973877,0,2,2,3,2
508,2,3,0,2.7195122241973877,2,3,2,4,1
508,3,3,0,2.7195122241973877,3,2,0,2,3
508,4,3,0,2.7195122241973877,1,3,0,1,1
508,4,3,0,2.7195122241973877,1,4,1,2,3
508,2,2,0,2.7195122241973877,4,1,4,3,3
508,4,4,0,2.7195122241973877,3,2,2,2,3
508,4,3,0,2.7195122241973877,1,2,3,1,2
508,4,5,0,2.7195122241973877,2,2,0,4,2
508,3,3,0,2.7195122241973877,3,2,2,1,2
509,1,1,1,1.7456140518188477,3,3,3,3,0
509,2,2,1,1.7456140518188477,2,1,3,1,2
509,3,1,1,1.7456140518188477,3,1,0,4,2
509,3,1,1,1.7456140518188477,0,2,1,4,1
509,3,2,1,1.7456140518188477,1,3,1,2,2
509,2,2,1,1.7456140518188477,1,2,2,2,3
509,4,1,1,1.7456140518188477,4,2,2,3,2
509,4,2,1,1.7456140518188477,2,0,4,1,1
509,2,1,1,1.7456140518188477,4,1,3,4,1
509,4,5,1,1.7456140518188477,2,2,2,1,2
509,4,3,1,1.7456140518188477,3,2,3,3,1
509,3,3,1,1.7456140518188477,1,3,2,3,2
509,3,3,1,1.7456140518188477,2,2,2,3,2
509,4,4,1,1.7456140518188477,3,2,1,2,2
509,4,3,1,1.7456140518188477,2,2,2,1,1
509,3,5,1,1.7456140518188477,0,2,3,2,0
509,3,1,1,1.7456140518188477,4,4,4,1,2
509,4,0,1,1.7456140518188477,2,3,3,2,1
509,2,2,1,1.7456140518188477,2,1,2,3,1
509,4,1,1,1.7456140518188477,4,2,2,2,1
509,1,0,1,1.7456140518188477,2,2,2,0,2
509,1,2,1,1.7456140518188477,2,1,2,1,4
509,3,1,1,1.7456140518188477,1,3,1,0,4
509,3,1,1,1.7456140518188477,0,2,1,3,3
509,4,3,1,1.7456140518188477,2,2,2,3,2
509,2,0,1,1.7456140518188477,2,3,1,1,0
509,3,2,1,1.7456140518188477,2,0,2,0,2
509,2,1,1,1.7456140518188477,3,3,2,1,2
509,2,0,1,1.7456140518188477,2,1,1,3,2
509,1,4,1,1.7456140518188477,2,2,3,3,4
509,4,2,1,1.7456140518188477,0,1,1,1,1
509,1,2,1,1.7456140518188477,2,2,3,1,4
509,3,4,1,1.7456140518188477,2,3,1,2,3
509,3,3,1,1.7456140518188477,4,2,0,1,2
509,1,0,1,1.7456140518188477,2,3,1,4,1
509,2,2,1,1.7456140518188477,2,0,2,3,0
509,2,1,1,1.7456140518188477,3,2,1,2,1
509,2,2,1,1.7456140518188477,2,0,2,0,2
509,2,1,1,1.7456140518188477,3,2,0,2,1
509,3,3,1,1.7456140518188477,2,2,3,2,2
509,4,3,1,1.7456140518188477,1,2,3,4,2
509,1,1,1,1.7456140518188477,4,2,1,1,2
509,3,2,1,1.7456140518188477,0,4,0,2,2
509,4,2,1,1.7456140518188477,2,2,2,2,2
509,3,1,1,1.7456140518188477,0,0,2,2,2
509,2,2,1,1.7456140518188477,4,3,2,2,1
509,1,2,1,1.7456140518188477,2,2,1,3,1
509,2,2,1,1.7456140518188477,2,2,2,4,3
509,4,3,1,1.7456140518188477,2,1,2,3,1
509,3,1,1,1.7456140518188477,2,2,3,2,1
509,4,5,1,1.7456140518188477,2,2,3,2,2
509,1,0,1,1.7456140518188477,4,4,3,2,3
509,3,2,1,1.7456140518188477,1,1,2,3,2
509,4,1,1,1.7456140518188477,2,1,2,4,0
509,3,2,1,1.7456140518188477,2,2,3,2,3
509,4,2,1,1.7456140518188477,2,4,1,2,3
509,3,1,1,1.7456140518188477,4,2,3,0,2
509,4,2,1,1.7456140518188477,0,2,3,2,3
509,3,2,1,1.7456140518188477,1,2,2,0,2
509,2,4,1,1.7456140518188477,2,4,2,1,2
509,3,1,1,1.7456140518188477,3,2,0,2,3
509,3,1,1,1.7456140518188477,1,0,1,2,3
509,3,2,1,1.7456140518188477,3,3,2,2,2
509,2,0,1,1.7456140518188477,2,2,2,1,2
509,3,0,1,1.7456140518188477,2,2,4,2,2
509,3,2,1,1.7456140518188477,4,0,2,1,3
509,2,2,1,1.7456140518188477,1,2,3,3,3
509,3,0,1,1.7456140518188477,1,1,1,3,1
509,3,4,1,1.7456140518188477,2,2,3,3,0
509,4,4,1,1.7456140518188477,2,1,3,0,1
509,1,1,1,1.7456140518188477,1,2,3,1,1
509,2,1,1,1.7456140518188477,3,2,2,0,2
509,3,2,1,1.7456140518188477,4,2,1,0,2
509,3,0,1,1.7456140518188477,3,1,1,2,3
509,2,3,1,1.7456140518188477,1,1,2,2,4
509,2,2,1,1.7456140518188477,2,4,3,1,2
509,2,2,1,1.7456140518188477,2,0,2,1,2
509,1,2,1,1.7456140518188477,4,3,1,1,0
509,3,1,1,1.7456140518188477,2,0,3,2,2
509,4,1,1,1.7456140518188477,1,2,2,0,1
509,1,1,1,1.7456140518188477,1,1,1,2,1
509,1,2,1,1.7456140518188477,2,2,2,2,2
509,1,2,1,1.7456140518188477,0,2,4,0,2
509,4,3,1,1.7456140518188477,3,1,0,3,2
509,1,0,1,1.7456140518188477,2,2,2,2,4
509,1,2,1,1.7456140518188477,4,0,4,1,3
509,1,0,1,1.7456140518188477,1,4,4,2,0
509,4,0,1,1.7456140518188477,2,1,1,0,1
509,3,2,1,1.7456140518188477,2,1,4,3,3
509,2,2,1,1.7456140518188477,1,0,3,1,3
509,4,1,1,1.7456140518188477,2,3,2,3,2
509,4,3,1,1.7456140518188477,3,1,2,2,1
509,4,4,1,1.7456140518188477,4,3,2,2,1
509,2,2,1,1.7456140518188477,1,2,2,2,2
509,4,1,1,1.7456140518188477,3,0,1,3,2
509,2,3,1,1.7456140518188477,1,2,0,1,2
509,2,0,1,1.7456140518188477,2,2,2,1,2
509,3,2,1,1.7456140518188477,1,2,1,2,3
509,1,0,1,1.7456140518188477,3,3,1,3,2
509,4,1,1,1.7456140518188477,0,0,2,2,4
509,3,2,1,1.7456140518188477,1,4,1,1,2
509,3,2,1,1.7456140518188477,2,4,1,3,3
509,3,0,1,1.7456140518188477,2,2,3,4,3
509,1,2,1,1.7456140518188477,4,2,3,1,3
509,4,1,1,1.7456140518188477,2,0,1,3,2
509,2,1,1,1.7456140518188477,2,2,2,3,0
509,3,2,1,1.7456140518188477,3,2,2,4,1
509,3,2,1,1.7456140518188477,3,4,4,0,2
509,2,3,1,1.7456140518188477,3,2,2,2,1
509,4,1,1,1.7456140518188477,2,2,3,1,1
509,3,1,1,1.7456140518188477,3,4,0,3,2
509,1,1,1,1.7456140518188477,1,2,3,2,4
509,2,2,1,1.7456140518188477,3,0,1,2,3
509,1,0,1,1.7456140518188477,1,1,1,3,2
510,2,1,1,2.238938093185425,0,3,2,2,2
510,4,1,1,2.238938093185425,4,3,2,1,4
510,4,2,1,2.238938093185425,2,2,2,4,2
510,4,5,1,2.238938093185425,0,3,3,1,2
510,2,2,1,2.238938093185425,4,2,1,2,4
510,4,2,1,2.238938093185425,2,1,0,2,2
510,2,2,1,2.238938093185425,3,0,2,1,1
510,4,2,1,2.238938093185425,3,1,3,2,3
510,4,3,1,2.238938093185425,2,2,2,1,1
510,4,2,1,2.238938093185425,2,0,1,4,4
510,1,0,1,2.238938093185425,3,1,2,1,2
510,3,4,1,2.238938093185425,3,3,3,2,2
510,2,4,1,2.238938093185425,3,1,4,1,1
510,4,5,1,2.238938093185425,2,2,0,2,0
510,4,3,1,2.238938093185425,2,2,3,2,0
510,4,4,1,2.238938093185425,1,2,1,1,2
510,4,4,1,2.238938093185425,2,3,2,1,2
510,4,2,1,2.238938093185425,4,2,3,0,4
510,3,1,1,2.238938093185425,1,2,2,1,1
510,4,4,1,2.238938093185425,0,1,2,1,2
510,4,2,1,2.238938093185425,2,3,2,2,3
510,4,2,1,2.238938093185425,0,0,2,2,2
510,1,3,1,2.238938093185425,0,2,1,2,1
510,3,2,1,2.238938093185425,4,2,2,0,3
510,1,3,1,2.238938093185425,4,3,0,3,2
510,1,1,1,2.238938093185425,3,0,0,4,2
510,2,3,1,2.238938093185425,2,3,2,3,0
510,2,1,1,2.238938093185425,1,1,2,3,4
510,4,5,1,2.238938093185425,1,2,3,3,2
510,4,1,1,2.238938093185425,1,2,4,1,2
510,2,1,1,2.238938093185425,4,2,1,1,2
510,4,1,1,2.238938093185425,3,0,4,3,2
510,3,2,1,2.238938093185425,2,1,1,4,3
510,4,4,1,2.238938093185425,2,4,3,3,2
510,4,4,1,2.238938093185425,4,2,2,0,3
510,3,3,1,2.238938093185425,1,2,0,3,3
510,1,1,1,2.238938093185425,2,2,2,3,0
510,4,3,1,2.238938093185425,2,4,4,4,2
510,2,2,1,2.238938093185425,0,2,2,3,2
510,1,3,1,2.238938093185425,3,2,2,1,3
510,3,2,1,2.238938093185425,0,3,2,3,1
510,4,3,1,2.238938093185425,1,1,3,3,2
510,2,1,1,2.238938093185425,2,3,1,2,3
510,3,2,1,2.238938093185425,4,3,1,1,0
510,4,1,1,2.238938093185425,1,3,2,0,1
510,4,4,1,2.238938093185425,0,0,0,3,2
510,4,3,1,2.238938093185425,1,2,2,2,3
510,2,2,1,2.238938093185425,4,2,1,0,2
510,4,2,1,2.238938093185425,3,0,2,2,1
510,1,2,1,2.238938093185425,2,2,2,3,2
510,3,2,1,2.238938093185425,1,1,3,1,3
510,2,1,1,2.238938093185425,1,2,2,4,1
510,2,3,1,2.238938093185425,3,2,2,2,3
510,4,1,1,2.238938093185425,2,3,1,1,3
510,2,2,1,2.238938093185425,2,2,3,0,2
510,1,2,1,2.238938093185425,1,0,4,3,1
510,4,2,1,2.238938093185425,3,0,4,2,2
510,3,3,1,2.238938093185425,2,3,4,0,3
510,1,0,1,2.238938093185425,4,2,2,1,3
510,4,1,1,2.238938093185425,3,3,2,2,1
510,4,4,1,2.238938093185425,1,2,3,2,2
510,3,2,1,2.238938093185425,3,2,2,0,4
510,1,1,1,2.238938093185425,3,1,3,3,2
510,4,3,1,2.238938093185425,2,2,2,4,1
510,3,3,1,2.238938093185425,3,3,2,2,0
510,4,2,1,2.238938093185425,2,0,1,2,3
510,3,2,1,2.238938093185425,3,3,2,3,2
510,4,5,1,2.238938093185425,2,1,1,3,1
510,1,3,1,2.238938093185425,2,0,1,2,1
510,4,4,1,2.238938093185425,3,2,2,2,1
510,1,2,1,2.238938093185425,2,2,0,3,1
510,4,5,1,2.238938093185425,2,3,3,2,2
510,1,0,1,2.238938093185425,3,2,3,1,4
510,3,0,1,2.238938093185425,3,3,0,1,3
510,4,3,1,2.238938093185425,2,0,2,2,3
510,1,2,1,2.238938093185425,1,2,3,1,2
510,4,3,1,2.238938093185425,4,2,2,2,1
510,1,1,1,2.238938093185425,1,1,2,2,2
510,3,2,1,2.238938093185425,3,3,2,1,2
510,3,3,1,2.238938093185425,1,1,1,3,1
510,4,1,1,2.238938093185425,3,1,2,2,3
510,4,0,1,2.238938093185425,1,2,1,1,2
510,1,1,1,2.238938093185425,4,2,2,2,2
510,2,2,1,2.238938093185425,2,2,1,4,0
510,2,0,1,2.238938093185425,4,1,1,2,2
510,4,1,1,2.238938093185425,1,3,1,3,2
510,1,1,1,2.238938093185425,4,1,1,1,1
510,4,3,1,2.238938093185425,1,1,2,2,2
510,4,2,1,2.238938093185425,2,4,2,2,1
510,4,4,1,2.238938093185425,0,3,4,3,1
510,1,1,1,2.238938093185425,2,2,1,2,0
510,4,3,1,2.238938093185425,3,2,2,4,2
510,2,3,1,2.238938093185425,2,1,1,1,2
510,4,3,1,2.238938093185425,4,0,4,2,1
510,3,3,1,2.238938093185425,1,2,2,3,2
510,4,1,1,2.238938093185425,2,2,4,2,2
510,1,3,1,2.238938093185425,1,1,2,2,3
510,4,2,1,2.238938093185425,1,2,1,3,0
510,2,3,1,2.238938093185425,0,3,3,2,2
510,3,2,1,2.238938093185425,0,0,2,3,2
510,2,2,1,2.238938093185425,0,0,4,4,2
510,3,3,1,2.238938093185425,2,1,1,2,0
510,4,1,1,2.238938093185425,0,1,2,3,2
510,2,1,1,2.238938093185425,4,3,2,0,2
510,3,0,1,2.238938093185425,2,2,1,3,4
510,1,1,1,2.238938093185425,2,0,2,2,2
510,1,3,1,2.238938093185425,2,1,1,4,3
510,4,4,1,2.238938093185425,2,2,1,0,3
510,1,3,1,2.238938093185425,3,1,3,1,1
510,4,2,1,2.238938093185425,1,2,3,2,1
510,3,2,1,2.238938093185425,4,1,1,2,0
510,2,2,1,2.238938093185425,2,2,3,1,3
510,1,1,1,2.238938093185425,3,2,4,2,1
513,4,1,0,1.9090908765792847,3,1,2,2,1
513,2,3,0,1.9090908765792847,2,4,1,0,1
513,1,1,0,1.9090908765792847,2,2,2,2,3
513,2,3,0,1.9090908765792847,2,2,1,2,1
513,2,2,0,1.9090908765792847,2,2,2,2,4
513,1,0,0,1.9090908765792847,1,3,2,1,2
513,2,1,0,1.9090908765792847,2,2,3,2,0
513,3,3,0,1.9090908765792847,3,4,0,3,3
513,2,3,0,1.9090908765792847,0,2,2,2,2
513,2,4,0,1.9090908765792847,2,1,4,3,0
513,1,3,0,1.9090908765792847,0,2,2,2,3
513,1,1,0,1.9090908765792847,1,4,1,0,4
513,2,1,0,1.9090908765792847,2,4,2,3,3
513,3,3,0,1.9090908765792847,2,2,2,1,3
513,3,3,0,1.9090908765792847,2,1,2,1,0
513,2,1,0,1.9090908765792847,2,0,2,0,2
513,2,1,0,1.9090908765792847,0,2,1,1,2
513,2,1,0,1.9090908765792847,0,2,1,3,0
513,1,3,0,1.9090908765792847,3,1,2,2,4
513,2,1,0,1.9090908765792847,2,2,2,2,2
513,2,1,0,1.9090908765792847,0,2,1,3,2
513,3,1,0,1.9090908765792847,3,2,0,1,4
513,1,2,0,1.9090908765792847,1,3,3,1,1
513,2,3,0,1.9090908765792847,2,2,3,3,2
513,1,0,0,1.9090908765792847,3,0,4,3,3
513,3,3,0,1.9090908765792847,2,2,2,3,3
513,2,1,0,1.9090908765792847,2,2,3,2,2
513,1,2,0,1.9090908765792847,1,2,3,2,1
513,2,0,0,1.9090908765792847,4,4,2,2,2
513,1,4,0,1.9090908765792847,1,2,1,3,1
513,4,3,0,1.9090908765792847,2,3,4,1,0
513,1,1,0,1.9090908765792847,3,2,1,2,0
513,1,3,0,1.9090908765792847,1,2,2,3,2
514,1,0,1,1.8829786777496338,1,1,0,4,0
514,4,3,1,1.8829786777496338,3,0,2,2,3
514,3,1,1,1.8829786777496338,3,3,1,4,4
514,3,1,1,1.8829786777496338,0,1,0,4,2
514,2,3,1,1.8829786777496338,4,4,2,3,1
514,3,2,1,1.8829786777496338,2,2,1,3,4
514,4,4,1,1.8829786777496338,2,4,1,2,2
514,2,1,1,1.8829786777496338,2,2,0,3,2
514,4,1,1,1.8829786777496338,4,0,3,2,1
514,3,3,1,1.8829786777496338,4,1,1,1,1
514,2,0,1,1.8829786777496338,1,2,3,3,2
514,1,1,1,1.8829786777496338,1,1,2,4,1
514,4,2,1,1.8829786777496338,2,2,1,2,2
514,4,4,1,1.8829786777496338,2,2,3,2,2
514,1,3,1,1.8829786777496338,3,2,3,4,2
514,1,2,1,1.8829786777496338,4,2,0,1,3
514,4,3,1,1.8829786777496338,1,2,2,2,1
514,4,1,1,1.8829786777496338,2,2,2,3,3
514,3,2,1,1.8829786777496338,2,1,0,2,2
514,4,3,1,1.8829786777496338,4,1,1,1,2
514,4,4,1,1.8829786777496338,2,3,1,3,3
514,2,2,1,1.8829786777496338,3,0,4,2,0
514,4,2,1,1.8829786777496338,4,2,1,2,0
514,3,3,1,1.8829786777496338,1,1,3,2,2
514,4,2,1,1.8829786777496338,0,2,4,3,2
514,3,2,1,1.8829786777496338,3,2,2,3,0
514,2,1,1,1.8829786777496338,2,1,4,2,1
514,3,1,1,1.8829786777496338,1,2,1,1,2
514,4,0,1,1.8829786777496338,2,3,2,4,1
514,4,1,1,1.8829786777496338,1,0,2,1,2
514,4,4,1,1.8829786777496338,4,1,1,2,2
514,2,1,1,1.8829786777496338,0,2,1,2,2
514,2,3,1,1.8829786777496338,1,2,2,2,1
514,1,1,1,1.8829786777496338,2,1,1,3,3
514,4,2,1,1.8829786777496338,1,1,1,3,2
514,4,1,1,1.8829786777496338,3,0,2,1,2
514,4,1,1,1.8829786777496338,3,3,1,0,3
514,3,3,1,1.8829786777496338,2,4,4,2,1
514,1,3,1,1.8829786777496338,2,2,3,3,3
514,2,1,1,1.8829786777496338,1,2,4,1,1
514,2,4,1,1.8829786777496338,4,1,1,1,0
514,2,3,1,1.8829786777496338,2,3,0,2,1
514,4,6,1,1.8829786777496338,3,2,3,1,2
514,2,1,1,1.8829786777496338,2,2,3,2,3
514,4,1,1,1.8829786777496338,4,3,1,2,4
514,2,1,1,1.8829786777496338,1,3,1,1,2
514,3,1,1,1.8829786777496338,2,1,4,2,2
514,1,2,1,1.8829786777496338,1,2,4,0,3
514,3,1,1,1.8829786777496338,3,2,3,4,2
514,2,3,1,1.8829786777496338,3,0,1,3,2
514,3,1,1,1.8829786777496338,3,4,3,1,3
514,4,1,1,1.8829786777496338,2,2,2,2,1
514,3,3,1,1.8829786777496338,3,2,2,2,4
514,1,2,1,1.8829786777496338,4,2,2,1,2
514,2,1,1,1.8829786777496338,4,3,3,1,1
514,1,0,1,1.8829786777496338,2,2,3,0,2
514,4,1,1,1.8829786777496338,1,1,2,3,2
514,4,3,1,1.8829786777496338,2,2,1,2,3
514,2,4,1,1.8829786777496338,2,3,2,1,0
514,1,2,1,1.8829786777496338,4,1,1,0,1
514,3,3,1,1.8829786777496338,3,2,2,2,2
514,3,2,1,1.8829786777496338,0,1,3,2,3
514,4,1,1,1.8829786777496338,1,2,1,1,0
514,3,1,1,1.8829786777496338,2,2,1,3,3
514,2,0,1,1.8829786777496338,2,2,3,2,2
514,4,1,1,1.8829786777496338,2,1,4,1,1
514,1,1,1,1.8829786777496338,2,2,2,2,1
514,3,0,1,1.8829786777496338,0,4,1,2,2
514,4,4,1,1.8829786777496338,3,3,3,3,4
514,3,2,1,1.8829786777496338,4,2,1,2,3
514,3,2,1,1.8829786777496338,1,3,1,2,3
514,3,3,1,1.8829786777496338,2,0,3,2,2
514,4,2,1,1.8829786777496338,2,3,2,1,2
514,2,3,1,1.8829786777496338,2,2,0,3,2
514,3,2,1,1.8829786777496338,0,0,2,2,2
514,2,2,1,1.8829786777496338,1,2,2,3,3
514,3,0,1,1.8829786777496338,2,2,0,3,3
514,2,0,1,1.8829786777496338,2,2,1,2,2
514,3,1,1,1.8829786777496338,1,2,3,4,2
514,3,3,1,1.8829786777496338,1,2,1,2,1
514,4,1,1,1.8829786777496338,2,3,3,1,1
514,3,2,1,1.8829786777496338,2,3,3,2,1
514,3,1,1,1.8829786777496338,1,2,0,4,2
514,1,0,1,1.8829786777496338,2,0,3,0,3
514,3,1,1,1.8829786777496338,0,4,1,4,3
514,3,2,1,1.8829786777496338,2,1,0,3,2
514,3,3,1,1.8829786777496338,2,3,3,0,1
514,4,0,1,1.8829786777496338,1,2,1,3,4
514,4,2,1,1.8829786777496338,3,4,1,2,3
514,3,4,1,1.8829786777496338,1,4,2,3,3
514,1,1,1,1.8829786777496338,0,2,3,3,3
514,2,3,1,1.8829786777496338,0,4,0,2,4
514,2,4,1,1.8829786777496338,2,2,3,2,1
514,2,1,1,1.8829786777496338,4,3,2,1,1
515,3,3,0,2.1678831577301025,1,2,1,2,1
515,1,3,0,2.1678831577301025,2,3,1,2,3
515,4,4,0,2.1678831577301025,3,2,0,4,3
515,3,3,0,2.1678831577301025,3,3,0,2,3
515,2,2,0,2.1678831577301025,3,4,3,1,1
515,1,2,0,2.1678831577301025,4,3,2,1,3
515,4,3,0,2.1678831577301025,2,2,4,1,2
515,2,0,0,2.1678831577301025,2,2,3,2,4
515,1,1,0,2.1678831577301025,3,4,1,3,2
515,2,1,0,2.1678831577301025,1,2,4,2,2
515,2,1,0,2.1678831577301025,4,1,2,1,3
515,4,1,0,2.1678831577301025,0,0,1,2,3
515,2,2,0,2.1678831577301025,1,1,0,0,3
515,1,0,0,2.1678831577301025,0,2,4,0,1
515,4,3,0,2.1678831577301025,1,1,1,4,2
515,3,1,0,2.1678831577301025,2,2,1,1,0
515,1,1,0,2.1678831577301025,0,2,3,2,1
515,1,4,0,2.1678831577301025,2,2,3,0,4
515,2,2,0,2.1678831577301025,2,2,3,2,2
515,1,1,0,2.1678831577301025,1,2,1,1,2
515,4,3,0,2.1678831577301025,1,2,2,2,1
515,1,1,0,2.1678831577301025,3,1,2,2,1
515,3,3,0,2.1678831577301025,2,1,3,3,3
515,3,2,0,2.1678831577301025,2,0,2,2,1
515,2,3,0,2.1678831577301025,1,2,2,2,1
515,3,1,0,2.1678831577301025,3,3,1,3,1
515,1,1,0,2.1678831577301025,2,1,2,4,2
515,3,3,0,2.1678831577301025,1,2,3,0,2
515,2,2,0,2.1678831577301025,2,1,3,1,2
515,1,3,0,2.1678831577301025,0,2,3,4,3
515,2,3,0,2.1678831577301025,2,2,3,3,2
515,1,3,0,2.1678831577301025,1,0,2,2,2
515,3,2,0,2.1678831577301025,1,2,2,4,2
515,2,1,0,2.1678831577301025,2,0,3,2,4
515,1,2,0,2.1678831577301025,0,2,2,2,2
515,2,2,0,2.1678831577301025,2,2,2,2,1
515,2,1,0,2.1678831577301025,2,3,2,1,0
515,2,1,0,2.1678831577301025,3,2,1,2,3
515,3,3,0,2.1678831577301025,3,2,0,1,2
515,2,4,0,2.1678831577301025,2,2,1,3,2
515,2,3,0,2.1678831577301025,1,1,3,3,2
515,1,1,0,2.1678831577301025,2,3,2,0,2
515,3,3,0,2.1678831577301025,2,3,3,2,2
515,2,2,0,2.1678831577301025,2,3,3,2,2
515,1,2,0,2.1678831577301025,3,4,1,2,2
515,1,3,0,2.1678831577301025,2,3,2,2,2
515,2,2,0,2.1678831577301025,2,2,2,4,1
515,2,3,0,2.1678831577301025,3,1,2,1,2
515,4,2,0,2.1678831577301025,3,2,1,1,4
515,3,2,0,2.1678831577301025,2,3,3,2,2
515,4,3,0,2.1678831577301025,2,2,2,2,1
515,2,1,0,2.1678831577301025,2,2,4,3,1
515,4,3,0,2.1678831577301025,4,2,2,1,2
515,2,2,0,2.1678831577301025,3,0,1,2,2
515,1,3,0,2.1678831577301025,4,0,2,1,1
515,2,2,0,2.1678831577301025,2,4,0,4,4
515,2,2,0,2.1678831577301025,4,4,0,4,2
515,2,4,0,2.1678831577301025,3,1,3,1,3
515,3,3,0,2.1678831577301025,2,3,1,2,2
515,1,2,0,2.1678831577301025,2,1,1,3,0
515,1,1,0,2.1678831577301025,2,3,2,2,3
515,1,1,0,2.1678831577301025,1,2,0,2,2
515,3,1,0,2.1678831577301025,0,2,3,2,1
515,3,3,0,2.1678831577301025,1,4,2,1,2
515,4,4,0,2.1678831577301025,2,4,3,2,2
515,1,0,0,2.1678831577301025,1,2,4,1,4
515,2,2,0,2.1678831577301025,1,2,2,2,1
515,2,1,0,2.1678831577301025,4,3,1,3,2
515,4,4,0,2.1678831577301025,0,2,0,2,3
515,2,3,0,2.1678831577301025,2,2,2,1,2
515,2,4,0,2.1678831577301025,3,3,0,4,1
515,3,1,0,2.1678831577301025,2,2,0,2,4
515,2,1,0,2.1678831577301025,1,4,3,2,2
515,2,1,0,2.1678831577301025,2,2,2,1,0
515,2,1,0,2.1678831577301025,2,3,3,2,1
515,3,2,0,2.1678831577301025,2,1,2,2,0
515,1,1,0,2.1678831577301025,0,3,1,2,2
515,3,2,0,2.1678831577301025,3,2,2,0,3
515,1,2,0,2.1678831577301025,1,2,2,3,4
515,1,2,0,2.1678831577301025,0,2,1,4,2
515,3,4,0,2.1678831577301025,2,1,2,0,1
515,1,2,0,2.1678831577301025,3,0,1,3,3
515,4,3,0,2.1678831577301025,2,1,1,4,2
515,4,2,0,2.1678831577301025,3,2,3,0,3
515,3,2,0,2.1678831577301025,0,2,2,2,2
515,1,1,0,2.1678831577301025,3,3,2,1,2
515,2,5,0,2.1678831577301025,2,3,1,1,2
515,4,4,0,2.1678831577301025,2,3,2,2,1
515,1,1,0,2.1678831577301025,2,1,4,4,2
515,1,2,0,2.1678831577301025,1,2,2,3,3
515,3,4,0,2.1678831577301025,1,2,3,4,3
515,2,2,0,2.1678831577301025,1,1,2,2,0
515,3,3,0,2.1678831577301025,1,3,4,1,2
515,1,2,0,2.1678831577301025,3,0,2,0,1
515,1,2,0,2.1678831577301025,3,1,4,4,3
515,3,2,0,2.1678831577301025,2,3,1,1,2
515,3,1,0,2.1678831577301025,1,1,2,2,1
515,2,1,0,2.1678831577301025,3,3,3,2,1
515,2,2,0,2.1678831577301025,0,0,3,1,3
515,4,4,0,2.1678831577301025,2,2,3,3,2
515,2,1,0,2.1678831577301025,2,2,1,3,1
515,2,1,0,2.1678831577301025,1,1,2,1,2
515,1,3,0,2.1678831577301025,0,0,2,3,4
515,4,2,0,2.1678831577301025,3,3,1,1,2
515,1,1,0,2.1678831577301025,3,2,2,2,1
515,3,2,0,2.1678831577301025,2,3,4,3,1
515,3,3,0,2.1678831577301025,3,1,2,2,3
515,4,3,0,2.1678831577301025,1,2,2,2,3
515,2,3,0,2.1678831577301025,2,2,2,1,4
515,3,2,0,2.1678831577301025,3,4,4,0,1
515,3,3,0,2.1678831577301025,1,2,2,2,3
515,4,2,0,2.1678831577301025,2,1,2,0,2
515,2,1,0,2.1678831577301025,2,2,3,1,1
515,4,0,0,2.1678831577301025,3,1,1,3,4
515,2,3,0,2.1678831577301025,2,4,1,2,1
515,4,4,0,2.1678831577301025,1,1,2,1,3
515,4,3,0,2.1678831577301025,0,0,4,2,2
515,1,3,0,2.1678831577301025,2,3,3,2,4
515,3,2,0,2.1678831577301025,4,3,0,2,2
515,4,0,0,2.1678831577301025,2,2,2,2,2
515,3,2,0,2.1678831577301025,2,2,1,3,0
515,4,4,0,2.1678831577301025,2,1,1,3,1
515,3,4,0,2.1678831577301025,3,2,3,2,3
515,4,1,0,2.1678831577301025,1,2,0,2,2
515,1,1,0,2.1678831577301025,2,0,0,2,2
515,3,3,0,2.1678831577301025,2,3,0,2,2
515,1,1,0,2.1678831577301025,2,2,4,1,2
515,4,2,0,2.1678831577301025,1,4,2,2,0
515,2,2,0,2.1678831577301025,2,3,1,2,4
515,1,1,0,2.1678831577301025,1,2,1,2,1
515,1,4,0,2.1678831577301025,2,1,2,4,2
515,1,3,0,2.1678831577301025,3,4,2,3,0
515,2,1,0,2.1678831577301025,3,0,2,2,3
515,1,1,0,2.1678831577301025,4,2,2,3,1
515,2,4,0,2.1678831577301025,1,2,3,4,3
515,2,2,0,2.1678831577301025,2,4,1,1,3
515,3,3,0,2.1678831577301025,2,2,3,2,1
